True_Valence,True_Arousal,Dummy_Valence,Dummy_Arousal,MLP_Valence,MLP_Arousal,CNN_Valence,CNN_Arousal,LSTM_Valence,LSTM_Arousal,AST_Valence,AST_Arousal
0.4125,0.5125,0.4898203,0.47905084,0.48125264,0.47753704,0.44666132,0.4383149,0.48255283,0.534583,0.52535146,0.5479766
0.4125,0.5125,0.4898203,0.47905084,0.48125264,0.47753704,0.46396297,0.44900423,0.49047422,0.5343995,0.46995533,0.48489878
0.4125,0.5125,0.4898203,0.47905084,0.48125264,0.47753704,0.4864964,0.48556656,0.50683767,0.5382006,0.52249557,0.5130867
0.4125,0.5125,0.4898203,0.47905084,0.48125264,0.47753704,0.44584113,0.41081655,0.49678364,0.53860205,0.46711177,0.42894012
0.4125,0.5125,0.4898203,0.47905084,0.48125264,0.47753704,0.5119358,0.5040039,0.4923598,0.523226,0.5281889,0.4784648
0.4125,0.5125,0.4898203,0.47905084,0.48125264,0.47753704,0.45233876,0.411699,0.47042876,0.51672006,0.47530523,0.46714473
0.4125,0.5125,0.4898203,0.47905084,0.48125264,0.47753704,0.5000812,0.49799937,0.46365365,0.5105803,0.5018896,0.49280447
0.4125,0.5125,0.4898203,0.47905084,0.48125264,0.47753704,0.43820167,0.4050756,0.4786662,0.5244651,0.52098995,0.4895519
0.4125,0.5125,0.4898203,0.47905084,0.48125264,0.47753704,0.45894563,0.4379546,0.47959316,0.52628624,0.5389164,0.53065085
0.425,0.425,0.4898203,0.47905084,0.48125264,0.47753704,0.50896776,0.5527563,0.49123424,0.5691563,0.47830212,0.43361953
0.425,0.425,0.4898203,0.47905084,0.48125264,0.47753704,0.49641263,0.5259886,0.4808569,0.54960734,0.48897916,0.50680983
0.425,0.425,0.4898203,0.47905084,0.48125264,0.47753704,0.51850575,0.5385566,0.47822356,0.5538603,0.55445844,0.5274986
0.425,0.425,0.4898203,0.47905084,0.48125264,0.47753704,0.50488186,0.5260412,0.50926954,0.57913893,0.5044727,0.52299786
0.425,0.425,0.4898203,0.47905084,0.48125264,0.47753704,0.5217698,0.5523448,0.49548605,0.5697868,0.54309833,0.54448014
0.425,0.425,0.4898203,0.47905084,0.48125264,0.47753704,0.517275,0.55220824,0.500275,0.5653581,0.4992899,0.5034027
0.425,0.425,0.4898203,0.47905084,0.48125264,0.47753704,0.52265286,0.55731887,0.4916763,0.5600516,0.49998716,0.48691708
0.425,0.425,0.4898203,0.47905084,0.48125264,0.47753704,0.5401083,0.56253743,0.4762038,0.54362875,0.55955315,0.5705481
0.425,0.425,0.4898203,0.47905084,0.48125264,0.47753704,0.5011859,0.53104186,0.4884042,0.5633544,0.5032864,0.52724004
0.4375,0.475,0.4898203,0.47905084,0.48125264,0.47753704,0.4174076,0.4351759,0.41416454,0.41214666,0.37253872,0.44013235
0.4375,0.475,0.4898203,0.47905084,0.48125264,0.47753704,0.3690872,0.3607893,0.43091556,0.42219976,0.3634014,0.43115655
0.4375,0.475,0.4898203,0.47905084,0.48125264,0.47753704,0.435674,0.44391066,0.46799117,0.45408532,0.41537073,0.46614233
0.4375,0.475,0.4898203,0.47905084,0.48125264,0.47753704,0.42923638,0.4256197,0.4656562,0.4707912,0.3848692,0.4246291
0.4375,0.475,0.4898203,0.47905084,0.48125264,0.47753704,0.44961202,0.4711789,0.43038008,0.48053277,0.39059094,0.43908575
0.4375,0.475,0.4898203,0.47905084,0.48125264,0.47753704,0.4432655,0.43566108,0.4374833,0.4831177,0.409256,0.39928153
0.4375,0.475,0.4898203,0.47905084,0.48125264,0.47753704,0.4644637,0.4686371,0.41667607,0.46912354,0.45703414,0.44855198
0.4375,0.475,0.4898203,0.47905084,0.48125264,0.47753704,0.45201516,0.4624195,0.43808177,0.4741313,0.43587676,0.4675747
0.4375,0.475,0.4898203,0.47905084,0.48125264,0.47753704,0.46816474,0.4529661,0.46647903,0.4981592,0.42900482,0.3881309
0.325,0.475,0.4898203,0.47905084,0.48125264,0.47753704,0.38492242,0.3676266,0.34507966,0.41344464,0.32197702,0.4268506
0.325,0.475,0.4898203,0.47905084,0.48125264,0.47753704,0.39099956,0.36621276,0.36132604,0.43584302,0.26048535,0.3752474
0.325,0.475,0.4898203,0.47905084,0.48125264,0.47753704,0.3761567,0.39150792,0.3564534,0.42995024,0.2882521,0.35335007
0.325,0.475,0.4898203,0.47905084,0.48125264,0.47753704,0.40876734,0.45766956,0.33139414,0.4128144,0.26259133,0.34310642
0.325,0.475,0.4898203,0.47905084,0.48125264,0.47753704,0.37876767,0.39286667,0.33946657,0.41087237,0.26765746,0.38330004
0.325,0.475,0.4898203,0.47905084,0.48125264,0.47753704,0.35007855,0.3508756,0.32386604,0.3904299,0.23320979,0.30434704
0.325,0.475,0.4898203,0.47905084,0.48125264,0.47753704,0.49395925,0.4865327,0.34586936,0.4116478,0.3438693,0.37777364
0.325,0.475,0.4898203,0.47905084,0.48125264,0.47753704,0.42250508,0.4434778,0.39952475,0.46364084,0.3837894,0.4259372
0.325,0.475,0.4898203,0.47905084,0.48125264,0.47753704,0.40088785,0.41020432,0.37872368,0.43108746,0.39747638,0.47853157
0.325,0.4875,0.4898203,0.47905084,0.48125264,0.47753704,0.47975793,0.47882253,0.49952954,0.5101733,0.5166816,0.57309896
0.325,0.4875,0.4898203,0.47905084,0.48125264,0.47753704,0.48016784,0.46071827,0.50950843,0.49369663,0.41076446,0.44652987
0.325,0.4875,0.4898203,0.47905084,0.48125264,0.47753704,0.4829675,0.47285205,0.49800813,0.4950998,0.47212824,0.5127
0.325,0.4875,0.4898203,0.47905084,0.48125264,0.47753704,0.4549986,0.42322776,0.47270495,0.45012236,0.4487581,0.46217915
0.325,0.4875,0.4898203,0.47905084,0.48125264,0.47753704,0.4773377,0.4498151,0.49827954,0.46034437,0.36326092,0.3752698
0.325,0.4875,0.4898203,0.47905084,0.48125264,0.47753704,0.49449003,0.4849236,0.5073594,0.5202383,0.42574275,0.48997292
0.325,0.4875,0.4898203,0.47905084,0.48125264,0.47753704,0.47638804,0.45746744,0.4991855,0.5031138,0.41562673,0.4609346
0.325,0.4875,0.4898203,0.47905084,0.48125264,0.47753704,0.4753764,0.4492491,0.4874601,0.45398036,0.50083756,0.5214435
0.325,0.4875,0.4898203,0.47905084,0.48125264,0.47753704,0.47558782,0.4533658,0.5055994,0.5061845,0.49784702,0.5540769
0.55,0.575,0.4898203,0.47905084,0.48125264,0.47753704,0.5427437,0.52426815,0.5605985,0.56742024,0.562641,0.6415741
0.55,0.575,0.4898203,0.47905084,0.48125264,0.47753704,0.5646055,0.56251395,0.5830551,0.60737705,0.57369053,0.58257455
0.55,0.575,0.4898203,0.47905084,0.48125264,0.47753704,0.55299526,0.54813147,0.62825453,0.6522707,0.5281465,0.5731279
0.55,0.575,0.4898203,0.47905084,0.48125264,0.47753704,0.59820735,0.5928508,0.6517912,0.65065765,0.6514809,0.6613092
0.55,0.575,0.4898203,0.47905084,0.48125264,0.47753704,0.6391736,0.65882736,0.6377545,0.6476407,0.5648307,0.6022074
0.55,0.575,0.4898203,0.47905084,0.48125264,0.47753704,0.59988534,0.5863506,0.65669435,0.64866704,0.62917,0.640459
0.55,0.575,0.4898203,0.47905084,0.48125264,0.47753704,0.57074004,0.5739476,0.5100544,0.48896232,0.45414662,0.5602173
0.55,0.575,0.4898203,0.47905084,0.48125264,0.47753704,0.57586455,0.5361769,0.5212379,0.48965925,0.40808457,0.54643995
0.55,0.575,0.4898203,0.47905084,0.48125264,0.47753704,0.63089967,0.6792973,0.5654393,0.5730412,0.47508967,0.58009994
0.7125,0.5625,0.4898203,0.47905084,0.48125264,0.47753704,0.532228,0.5172246,0.5540825,0.605561,0.54461515,0.56020176
0.7125,0.5625,0.4898203,0.47905084,0.48125264,0.47753704,0.5315627,0.52012014,0.58973455,0.6355591,0.5977751,0.6203361
0.7125,0.5625,0.4898203,0.47905084,0.48125264,0.47753704,0.58454597,0.5747494,0.59234697,0.6346504,0.5720312,0.6054315
0.7125,0.5625,0.4898203,0.47905084,0.48125264,0.47753704,0.56224036,0.54280365,0.5601891,0.5998776,0.5256674,0.59943837
0.7125,0.5625,0.4898203,0.47905084,0.48125264,0.47753704,0.5924775,0.59737563,0.6031619,0.64545727,0.59089637,0.6023941
0.7125,0.5625,0.4898203,0.47905084,0.48125264,0.47753704,0.53074324,0.5073744,0.57476115,0.6224439,0.6075892,0.6040198
0.7125,0.5625,0.4898203,0.47905084,0.48125264,0.47753704,0.58419096,0.56366426,0.60611844,0.63783455,0.6140299,0.58562905
0.7125,0.5625,0.4898203,0.47905084,0.48125264,0.47753704,0.55202025,0.50996536,0.64139295,0.64281416,0.66643304,0.596031
0.7125,0.5625,0.4898203,0.47905084,0.48125264,0.47753704,0.6000331,0.5727616,0.65542185,0.63943934,0.66173935,0.5806636
0.775,0.625,0.4898203,0.47905084,0.48125264,0.47753704,0.54835165,0.560742,0.5317575,0.53410363,0.6304433,0.5927935
0.775,0.625,0.4898203,0.47905084,0.48125264,0.47753704,0.55551624,0.56365955,0.60303056,0.6422858,0.6638654,0.63426614
0.775,0.625,0.4898203,0.47905084,0.48125264,0.47753704,0.511945,0.50231266,0.5525428,0.5762584,0.7080819,0.67998755
0.775,0.625,0.4898203,0.47905084,0.48125264,0.47753704,0.5089353,0.51692754,0.5299394,0.5215037,0.6132911,0.6178053
0.775,0.625,0.4898203,0.47905084,0.48125264,0.47753704,0.50925404,0.52107465,0.54032266,0.57627153,0.63057077,0.62712616
0.775,0.625,0.4898203,0.47905084,0.48125264,0.47753704,0.55042535,0.576353,0.5676483,0.6279125,0.61387575,0.62655944
0.775,0.625,0.4898203,0.47905084,0.48125264,0.47753704,0.5133282,0.53067696,0.5664004,0.624346,0.6069633,0.61462766
0.775,0.625,0.4898203,0.47905084,0.48125264,0.47753704,0.5395998,0.5664742,0.5265312,0.5871103,0.6456174,0.66061586
0.775,0.625,0.4898203,0.47905084,0.48125264,0.47753704,0.5004276,0.50928473,0.52600116,0.5928363,0.6398319,0.66741866
0.6875,0.55,0.4898203,0.47905084,0.48125264,0.47753704,0.49298936,0.4526754,0.6088511,0.56154186,0.54981065,0.5041321
0.6875,0.55,0.4898203,0.47905084,0.48125264,0.47753704,0.4894169,0.45087093,0.57660365,0.531564,0.52125806,0.41446504
0.6875,0.55,0.4898203,0.47905084,0.48125264,0.47753704,0.5211588,0.5142416,0.5770099,0.5798776,0.5422904,0.5332583
0.6875,0.55,0.4898203,0.47905084,0.48125264,0.47753704,0.49205208,0.45719916,0.5652042,0.5427528,0.54814184,0.49833456
0.6875,0.55,0.4898203,0.47905084,0.48125264,0.47753704,0.48322168,0.48519135,0.44705492,0.5306516,0.45636028,0.49336526
0.6875,0.55,0.4898203,0.47905084,0.48125264,0.47753704,0.45316088,0.4624626,0.4458585,0.529153,0.47130257,0.48750487
0.6875,0.55,0.4898203,0.47905084,0.48125264,0.47753704,0.47703472,0.46160394,0.476578,0.5557773,0.54033756,0.55907667
0.6875,0.55,0.4898203,0.47905084,0.48125264,0.47753704,0.4701311,0.45343632,0.5220827,0.5444604,0.48953032,0.4295506
0.6875,0.55,0.4898203,0.47905084,0.48125264,0.47753704,0.47054464,0.41568065,0.59915906,0.5509584,0.49601284,0.43490532
0.6375,0.2875,0.4898203,0.47905084,0.48125264,0.47753704,0.61484873,0.5753242,0.70450056,0.64631426,0.6241068,0.56729096
0.6375,0.2875,0.4898203,0.47905084,0.48125264,0.47753704,0.608886,0.5594367,0.6931635,0.6433865,0.5297759,0.50885653
0.6375,0.2875,0.4898203,0.47905084,0.48125264,0.47753704,0.6263,0.58884084,0.7003379,0.6468835,0.49801424,0.46830112
0.6375,0.2875,0.4898203,0.47905084,0.48125264,0.47753704,0.5304775,0.5172133,0.55079013,0.52250767,0.4475855,0.47271523
0.6375,0.2875,0.4898203,0.47905084,0.48125264,0.47753704,0.46705735,0.4471526,0.47435567,0.4823272,0.47686106,0.5076239
0.6375,0.2875,0.4898203,0.47905084,0.48125264,0.47753704,0.4646485,0.4144792,0.5312109,0.52287245,0.51240325,0.47647145
0.6375,0.2875,0.4898203,0.47905084,0.48125264,0.47753704,0.468013,0.42549375,0.52484655,0.51949096,0.48124346,0.45653948
0.6375,0.2875,0.4898203,0.47905084,0.48125264,0.47753704,0.45676896,0.4068954,0.5320376,0.53388315,0.4914652,0.44191027
0.6375,0.2875,0.4898203,0.47905084,0.48125264,0.47753704,0.4712966,0.43444514,0.53961986,0.554782,0.4347172,0.40588987
0.4375,0.4,0.4898203,0.47905084,0.48125264,0.47753704,0.51351446,0.5175711,0.47736716,0.51011,0.4904954,0.56197053
0.4375,0.4,0.4898203,0.47905084,0.48125264,0.47753704,0.47662985,0.45761466,0.4745585,0.513521,0.41596705,0.47756347
0.4375,0.4,0.4898203,0.47905084,0.48125264,0.47753704,0.41286147,0.39145517,0.44199812,0.47381753,0.3958348,0.4991712
0.4375,0.4,0.4898203,0.47905084,0.48125264,0.47753704,0.48567435,0.47356856,0.47668865,0.50165814,0.4512449,0.5429498
0.4375,0.4,0.4898203,0.47905084,0.48125264,0.47753704,0.456631,0.42120624,0.47089854,0.48658365,0.47821316,0.51457024
0.4375,0.4,0.4898203,0.47905084,0.48125264,0.47753704,0.46969527,0.46038848,0.48708495,0.5108233,0.4430865,0.5325787
0.4375,0.4,0.4898203,0.47905084,0.48125264,0.47753704,0.42483488,0.4145128,0.41865253,0.45186427,0.34538436,0.46381006
0.4375,0.4,0.4898203,0.47905084,0.48125264,0.47753704,0.46967605,0.43403018,0.4591361,0.49283126,0.43353724,0.50843763
0.4375,0.4,0.4898203,0.47905084,0.48125264,0.47753704,0.4628344,0.41486433,0.49815905,0.44954515,0.42130512,0.43934572
0.725,0.65,0.4898203,0.47905084,0.48125264,0.47753704,0.60255855,0.6322595,0.5585915,0.59288543,0.6135394,0.6322741
0.725,0.65,0.4898203,0.47905084,0.48125264,0.47753704,0.58182555,0.61676925,0.5499697,0.59017706,0.5101962,0.53538793
0.725,0.65,0.4898203,0.47905084,0.48125264,0.47753704,0.571012,0.60168964,0.54876935,0.5845393,0.63089156,0.6407177
0.725,0.65,0.4898203,0.47905084,0.48125264,0.47753704,0.54267734,0.56059074,0.5723116,0.6138145,0.62508595,0.6338702
0.725,0.65,0.4898203,0.47905084,0.48125264,0.47753704,0.52749634,0.5415744,0.5781859,0.613556,0.5729599,0.5884067
0.725,0.65,0.4898203,0.47905084,0.48125264,0.47753704,0.5250542,0.53020036,0.54306114,0.5745785,0.5506516,0.58329517
0.725,0.65,0.4898203,0.47905084,0.48125264,0.47753704,0.5471951,0.55558896,0.53134227,0.5425012,0.42546958,0.5189006
0.725,0.65,0.4898203,0.47905084,0.48125264,0.47753704,0.4414772,0.43051565,0.48716438,0.5155332,0.47145742,0.54336566
0.725,0.65,0.4898203,0.47905084,0.48125264,0.47753704,0.5285262,0.52096605,0.5497388,0.5913893,0.49776685,0.59116334
0.35,0.175,0.4898203,0.47905084,0.48125264,0.47753704,0.35366195,0.37778464,0.27164203,0.3076102,0.22184995,0.25933287
0.35,0.175,0.4898203,0.47905084,0.48125264,0.47753704,0.32893884,0.30223742,0.27868265,0.29630125,0.19425273,0.24387546
0.35,0.175,0.4898203,0.47905084,0.48125264,0.47753704,0.34002012,0.34048638,0.29317087,0.28833842,0.15266559,0.19701765
0.35,0.175,0.4898203,0.47905084,0.48125264,0.47753704,0.2984232,0.32968152,0.28095323,0.3172414,0.16289161,0.20164287
0.35,0.175,0.4898203,0.47905084,0.48125264,0.47753704,0.35462564,0.35070407,0.3062144,0.3005578,0.22519481,0.29122978
0.35,0.175,0.4898203,0.47905084,0.48125264,0.47753704,0.35260743,0.34005067,0.30849636,0.32347474,0.21291551,0.25157356
0.35,0.175,0.4898203,0.47905084,0.48125264,0.47753704,0.40658763,0.42293507,0.36460167,0.37522793,0.25339636,0.2807999
0.35,0.175,0.4898203,0.47905084,0.48125264,0.47753704,0.41440773,0.41207343,0.4018945,0.41277164,0.2712943,0.28167337
0.35,0.175,0.4898203,0.47905084,0.48125264,0.47753704,0.37319607,0.3603086,0.3879102,0.37615386,0.2707893,0.28141376
0.3,0.4625,0.4898203,0.47905084,0.48125264,0.47753704,0.40171617,0.41452217,0.38058025,0.38479576,0.28810024,0.2861407
0.3,0.4625,0.4898203,0.47905084,0.48125264,0.47753704,0.36140674,0.35095784,0.40065944,0.39619905,0.24568057,0.3019138
0.3,0.4625,0.4898203,0.47905084,0.48125264,0.47753704,0.36476094,0.34867153,0.36887696,0.40962833,0.24791592,0.276301
0.3,0.4625,0.4898203,0.47905084,0.48125264,0.47753704,0.32255748,0.27131,0.3482662,0.37898892,0.26274788,0.27947316
0.3,0.4625,0.4898203,0.47905084,0.48125264,0.47753704,0.35501546,0.33750445,0.33582413,0.34314865,0.2854595,0.26574716
0.3,0.4625,0.4898203,0.47905084,0.48125264,0.47753704,0.36737293,0.37571692,0.37229264,0.41395792,0.2838875,0.3026355
0.3,0.4625,0.4898203,0.47905084,0.48125264,0.47753704,0.3408163,0.32995832,0.36999118,0.4027662,0.31738186,0.2784075
0.3,0.4625,0.4898203,0.47905084,0.48125264,0.47753704,0.34323817,0.33252925,0.2838506,0.2956891,0.3141211,0.27249277
0.3,0.4625,0.4898203,0.47905084,0.48125264,0.47753704,0.3187351,0.27627516,0.320348,0.33815306,0.23407948,0.31214154
0.4,0.3875,0.4898203,0.47905084,0.48125264,0.47753704,0.32873863,0.29303545,0.39182454,0.40766454,0.3174138,0.35525128
0.4,0.3875,0.4898203,0.47905084,0.48125264,0.47753704,0.37217167,0.35892493,0.37702817,0.40050113,0.2558241,0.29933006
0.4,0.3875,0.4898203,0.47905084,0.48125264,0.47753704,0.32959273,0.32163352,0.2804562,0.28917453,0.20529735,0.30135566
0.4,0.3875,0.4898203,0.47905084,0.48125264,0.47753704,0.3034739,0.2581988,0.32024303,0.3357249,0.2238921,0.33804485
0.4,0.3875,0.4898203,0.47905084,0.48125264,0.47753704,0.32918218,0.31599653,0.34861606,0.38202214,0.24881741,0.34652373
0.4,0.3875,0.4898203,0.47905084,0.48125264,0.47753704,0.39061177,0.35793358,0.3698684,0.39776978,0.23403728,0.2982743
0.4,0.3875,0.4898203,0.47905084,0.48125264,0.47753704,0.3465405,0.3213618,0.36774904,0.39312226,0.23305514,0.2605928
0.4,0.3875,0.4898203,0.47905084,0.48125264,0.47753704,0.3586583,0.34340015,0.3100287,0.32651973,0.24723318,0.33547235
0.4,0.3875,0.4898203,0.47905084,0.48125264,0.47753704,0.33161426,0.31068927,0.34696257,0.38033205,0.31671488,0.3900905
0.2625,0.4,0.4898203,0.47905084,0.48125264,0.47753704,0.5012804,0.5641267,0.46062163,0.6201667,0.42999664,0.36131862
0.2625,0.4,0.4898203,0.47905084,0.48125264,0.47753704,0.5694941,0.59733015,0.51902694,0.5753697,0.45016307,0.5291366
0.2625,0.4,0.4898203,0.47905084,0.48125264,0.47753704,0.5207671,0.56499046,0.50913703,0.5670265,0.43054342,0.55499035
0.2625,0.4,0.4898203,0.47905084,0.48125264,0.47753704,0.4795863,0.47883505,0.54119706,0.5929079,0.46696228,0.5329817
0.2625,0.4,0.4898203,0.47905084,0.48125264,0.47753704,0.5135515,0.52169836,0.4950444,0.54780525,0.4213788,0.5339891
0.2625,0.4,0.4898203,0.47905084,0.48125264,0.47753704,0.48165536,0.47103286,0.5195821,0.5804235,0.46266088,0.5229778
0.2625,0.4,0.4898203,0.47905084,0.48125264,0.47753704,0.5073262,0.499618,0.5082989,0.5680175,0.40927154,0.5111385
0.2625,0.4,0.4898203,0.47905084,0.48125264,0.47753704,0.5052073,0.5122187,0.5290868,0.585364,0.47904852,0.5171836
0.2625,0.4,0.4898203,0.47905084,0.48125264,0.47753704,0.4847893,0.49077553,0.5248054,0.5745884,0.40713102,0.506693
0.2125,0.4625,0.4898203,0.47905084,0.48125264,0.47753704,0.36806735,0.43735272,0.31203526,0.33584127,0.30247614,0.29990968
0.2125,0.4625,0.4898203,0.47905084,0.48125264,0.47753704,0.32932588,0.34443653,0.27674884,0.30696225,0.22942814,0.26479182
0.2125,0.4625,0.4898203,0.47905084,0.48125264,0.47753704,0.31201264,0.2803853,0.29497045,0.24120896,0.25227186,0.2318415
0.2125,0.4625,0.4898203,0.47905084,0.48125264,0.47753704,0.32020608,0.29350728,0.27976537,0.29176784,0.22869617,0.2605973
0.2125,0.4625,0.4898203,0.47905084,0.48125264,0.47753704,0.31285575,0.32814807,0.2768244,0.30838645,0.198942,0.25832513
0.2125,0.4625,0.4898203,0.47905084,0.48125264,0.47753704,0.3189965,0.31935847,0.28395018,0.31933272,0.24429217,0.27711904
0.2125,0.4625,0.4898203,0.47905084,0.48125264,0.47753704,0.3252886,0.3226314,0.27729365,0.30194208,0.20527834,0.26087263
0.2125,0.4625,0.4898203,0.47905084,0.48125264,0.47753704,0.34215105,0.37813905,0.28039825,0.3143807,0.2775792,0.3275014
0.2125,0.4625,0.4898203,0.47905084,0.48125264,0.47753704,0.35912752,0.3932379,0.31060737,0.3462762,0.23508954,0.27200937
0.3125,0.475,0.4898203,0.47905084,0.48125264,0.47753704,0.41735882,0.456892,0.29748493,0.3959459,0.39762375,0.3841554
0.3125,0.475,0.4898203,0.47905084,0.48125264,0.47753704,0.33314607,0.3752294,0.29416627,0.39760542,0.4350789,0.36095303
0.3125,0.475,0.4898203,0.47905084,0.48125264,0.47753704,0.4061996,0.43553013,0.3003751,0.38542017,0.46664917,0.42665425
0.3125,0.475,0.4898203,0.47905084,0.48125264,0.47753704,0.39853317,0.43071383,0.30596465,0.39550853,0.4769222,0.4416223
0.3125,0.475,0.4898203,0.47905084,0.48125264,0.47753704,0.39985538,0.4363792,0.29564947,0.38624126,0.44179678,0.39145127
0.3125,0.475,0.4898203,0.47905084,0.48125264,0.47753704,0.40016156,0.44231004,0.30136722,0.39227155,0.38863534,0.3705098
0.3125,0.475,0.4898203,0.47905084,0.48125264,0.47753704,0.3872653,0.41767544,0.29384312,0.38428771,0.44888395,0.40428904
0.3125,0.475,0.4898203,0.47905084,0.48125264,0.47753704,0.36818954,0.40577498,0.29938713,0.39916742,0.44825935,0.40074667
0.3125,0.475,0.4898203,0.47905084,0.48125264,0.47753704,0.4266048,0.45253295,0.3088161,0.39518225,0.4622785,0.4193303
0.4125,0.3,0.4898203,0.47905084,0.48125264,0.47753704,0.3397433,0.30051148,0.3964106,0.44339874,0.24888045,0.318821
0.4125,0.3,0.4898203,0.47905084,0.48125264,0.47753704,0.36939555,0.34368384,0.3201935,0.34131444,0.30370364,0.43048686
0.4125,0.3,0.4898203,0.47905084,0.48125264,0.47753704,0.3676967,0.33311927,0.37901783,0.41151568,0.24972758,0.3666213
0.4125,0.3,0.4898203,0.47905084,0.48125264,0.47753704,0.342686,0.27337608,0.34215042,0.35055667,0.3236891,0.2976921
0.4125,0.3,0.4898203,0.47905084,0.48125264,0.47753704,0.35088113,0.29330653,0.3461837,0.353438,0.29235932,0.3467898
0.4125,0.3,0.4898203,0.47905084,0.48125264,0.47753704,0.35538444,0.3136735,0.36381662,0.39312544,0.23835552,0.2980666
0.4125,0.3,0.4898203,0.47905084,0.48125264,0.47753704,0.36813456,0.3051931,0.42292118,0.42849693,0.26714176,0.34275818
0.4125,0.3,0.4898203,0.47905084,0.48125264,0.47753704,0.37888214,0.3334333,0.39749902,0.41675103,0.43397337,0.43628255
0.4125,0.3,0.4898203,0.47905084,0.48125264,0.47753704,0.3955448,0.37856907,0.3616358,0.38338447,0.2980393,0.40332618
0.475,0.475,0.4898203,0.47905084,0.48125264,0.47753704,0.50321996,0.5092003,0.54896617,0.5417997,0.45695958,0.51855433
0.475,0.475,0.4898203,0.47905084,0.48125264,0.47753704,0.4934201,0.5332138,0.52599025,0.53079236,0.39316794,0.4571099
0.475,0.475,0.4898203,0.47905084,0.48125264,0.47753704,0.48752543,0.49959493,0.5345999,0.53865284,0.37995443,0.47406048
0.475,0.475,0.4898203,0.47905084,0.48125264,0.47753704,0.49909478,0.5146058,0.5461458,0.54913646,0.43475783,0.48599565
0.475,0.475,0.4898203,0.47905084,0.48125264,0.47753704,0.5058712,0.51804924,0.54444075,0.5382712,0.4798751,0.56050193
0.475,0.475,0.4898203,0.47905084,0.48125264,0.47753704,0.490784,0.4868999,0.53724205,0.5492672,0.51070356,0.54373056
0.475,0.475,0.4898203,0.47905084,0.48125264,0.47753704,0.5000284,0.5361311,0.5395886,0.54372823,0.43654376,0.52513945
0.475,0.475,0.4898203,0.47905084,0.48125264,0.47753704,0.4550719,0.44963562,0.5085089,0.5313287,0.44392702,0.5293158
0.475,0.475,0.4898203,0.47905084,0.48125264,0.47753704,0.4395041,0.43951416,0.5094613,0.5225564,0.49234393,0.547269
0.4875,0.275,0.4898203,0.47905084,0.48125264,0.47753704,0.3393516,0.28996646,0.32890522,0.2726475,0.2731939,0.34320322
0.4875,0.275,0.4898203,0.47905084,0.48125264,0.47753704,0.33028093,0.24492435,0.34076995,0.27023488,0.24321115,0.29288882
0.4875,0.275,0.4898203,0.47905084,0.48125264,0.47753704,0.3371736,0.26127976,0.37016255,0.28629798,0.31477252,0.3899311
0.4875,0.275,0.4898203,0.47905084,0.48125264,0.47753704,0.35107362,0.29937845,0.39118987,0.31859806,0.31435364,0.39298627
0.4875,0.275,0.4898203,0.47905084,0.48125264,0.47753704,0.33499327,0.2592711,0.3511216,0.2818185,0.3349776,0.42571244
0.4875,0.275,0.4898203,0.47905084,0.48125264,0.47753704,0.33830065,0.28403604,0.34448916,0.31549293,0.27352834,0.3939948
0.4875,0.275,0.4898203,0.47905084,0.48125264,0.47753704,0.33950233,0.27273548,0.35872552,0.2992034,0.23941687,0.3576354
0.4875,0.275,0.4898203,0.47905084,0.48125264,0.47753704,0.32047698,0.23202106,0.33745244,0.26296362,0.33487263,0.40171865
0.4875,0.275,0.4898203,0.47905084,0.48125264,0.47753704,0.32842112,0.2554751,0.2998203,0.25300714,0.21193787,0.28655073
0.6375,0.7625,0.4898203,0.47905084,0.48125264,0.47753704,0.5458503,0.6889504,0.5137928,0.6970966,0.5337923,0.65459955
0.6375,0.7625,0.4898203,0.47905084,0.48125264,0.47753704,0.53546154,0.6325742,0.52052844,0.70048815,0.57906854,0.6833861
0.6375,0.7625,0.4898203,0.47905084,0.48125264,0.47753704,0.57832927,0.6618315,0.525098,0.7060282,0.61351943,0.7190651
0.6375,0.7625,0.4898203,0.47905084,0.48125264,0.47753704,0.5207929,0.59971446,0.5233051,0.7078978,0.5672734,0.66611296
0.6375,0.7625,0.4898203,0.47905084,0.48125264,0.47753704,0.5509035,0.6307761,0.53291523,0.7168087,0.500995,0.5997711
0.6375,0.7625,0.4898203,0.47905084,0.48125264,0.47753704,0.52690774,0.6258866,0.52622044,0.7088377,0.5495956,0.6855912
0.6375,0.7625,0.4898203,0.47905084,0.48125264,0.47753704,0.50505304,0.5784498,0.51889145,0.69962054,0.4639231,0.56560093
0.6375,0.7625,0.4898203,0.47905084,0.48125264,0.47753704,0.51969665,0.6226657,0.52360344,0.7042974,0.41532022,0.4878286
0.6375,0.7625,0.4898203,0.47905084,0.48125264,0.47753704,0.5387137,0.62499034,0.54075265,0.72771686,0.5426671,0.65488553
0.6375,0.5375,0.4898203,0.47905084,0.48125264,0.47753704,0.4971365,0.5477489,0.433135,0.49202397,0.31978256,0.3728961
0.6375,0.5375,0.4898203,0.47905084,0.48125264,0.47753704,0.39537093,0.36752117,0.4107945,0.45529678,0.32438105,0.40232012
0.6375,0.5375,0.4898203,0.47905084,0.48125264,0.47753704,0.4939916,0.52677554,0.45602238,0.505538,0.34061432,0.43204972
0.6375,0.5375,0.4898203,0.47905084,0.48125264,0.47753704,0.5399009,0.605562,0.58063126,0.6453582,0.5538667,0.6007034
0.6375,0.5375,0.4898203,0.47905084,0.48125264,0.47753704,0.600899,0.673027,0.57475996,0.6408551,0.61536777,0.60457295
0.6375,0.5375,0.4898203,0.47905084,0.48125264,0.47753704,0.5534637,0.61250144,0.5713623,0.63051784,0.51215225,0.57599294
0.6375,0.5375,0.4898203,0.47905084,0.48125264,0.47753704,0.58811045,0.65420854,0.58526444,0.65046597,0.52746874,0.5945818
0.6375,0.5375,0.4898203,0.47905084,0.48125264,0.47753704,0.5810734,0.6398115,0.5927482,0.665559,0.5203694,0.56864405
0.6375,0.5375,0.4898203,0.47905084,0.48125264,0.47753704,0.6097609,0.67259854,0.6025284,0.66626614,0.66247475,0.58362436
0.325,0.4625,0.4898203,0.47905084,0.48125264,0.47753704,0.49103045,0.5148973,0.46317318,0.49735048,0.5927529,0.5967779
0.325,0.4625,0.4898203,0.47905084,0.48125264,0.47753704,0.46636844,0.45812434,0.4366206,0.45721298,0.46946415,0.4600051
0.325,0.4625,0.4898203,0.47905084,0.48125264,0.47753704,0.4873039,0.4737587,0.4473424,0.48589742,0.5104799,0.5175911
0.325,0.4625,0.4898203,0.47905084,0.48125264,0.47753704,0.48126417,0.46394682,0.4530496,0.48230335,0.44329557,0.4192964
0.325,0.4625,0.4898203,0.47905084,0.48125264,0.47753704,0.40990368,0.3807833,0.4245266,0.44808772,0.42208752,0.41813356
0.325,0.4625,0.4898203,0.47905084,0.48125264,0.47753704,0.49098998,0.4782967,0.4259732,0.43691874,0.5574041,0.5505673
0.325,0.4625,0.4898203,0.47905084,0.48125264,0.47753704,0.4420023,0.4365921,0.4294316,0.4158193,0.4409758,0.42781332
0.325,0.4625,0.4898203,0.47905084,0.48125264,0.47753704,0.4348307,0.4186738,0.43900353,0.43967268,0.434827,0.39655942
0.325,0.4625,0.4898203,0.47905084,0.48125264,0.47753704,0.47247624,0.45012927,0.45343956,0.46011952,0.48509982,0.44405586
0.425,0.525,0.4898203,0.47905084,0.48125264,0.47753704,0.43460017,0.45400643,0.45937085,0.54454505,0.4368657,0.40404722
0.425,0.525,0.4898203,0.47905084,0.48125264,0.47753704,0.41950357,0.44433892,0.42429453,0.47925875,0.32898086,0.37894636
0.425,0.525,0.4898203,0.47905084,0.48125264,0.47753704,0.36995104,0.3933721,0.37374383,0.4084698,0.32764608,0.36942124
0.425,0.525,0.4898203,0.47905084,0.48125264,0.47753704,0.45409286,0.48609644,0.43735546,0.49648315,0.39062646,0.4467764
0.425,0.525,0.4898203,0.47905084,0.48125264,0.47753704,0.38339078,0.37533852,0.48408386,0.579232,0.4313078,0.41787484
0.425,0.525,0.4898203,0.47905084,0.48125264,0.47753704,0.4813269,0.49614924,0.45242867,0.52986,0.43035534,0.38009706
0.425,0.525,0.4898203,0.47905084,0.48125264,0.47753704,0.432373,0.44981682,0.4599322,0.55434155,0.3488085,0.41640237
0.425,0.525,0.4898203,0.47905084,0.48125264,0.47753704,0.39323312,0.4084253,0.45709214,0.54422086,0.3800195,0.41141078
0.425,0.525,0.4898203,0.47905084,0.48125264,0.47753704,0.47460976,0.5021092,0.4425063,0.52343386,0.37279814,0.39813736
0.5875,0.7375,0.4898203,0.47905084,0.48125264,0.47753704,0.3438497,0.3816043,0.33330166,0.41393396,0.40311456,0.4136459
0.5875,0.7375,0.4898203,0.47905084,0.48125264,0.47753704,0.33432686,0.394907,0.2844751,0.38462836,0.4398209,0.3880646
0.5875,0.7375,0.4898203,0.47905084,0.48125264,0.47753704,0.3705362,0.4024322,0.30312845,0.3935567,0.44852465,0.39268807
0.5875,0.7375,0.4898203,0.47905084,0.48125264,0.47753704,0.3346717,0.3672545,0.30880672,0.3989798,0.31608513,0.35342652
0.5875,0.7375,0.4898203,0.47905084,0.48125264,0.47753704,0.33783233,0.37073362,0.30688077,0.38634992,0.46441343,0.39797795
0.5875,0.7375,0.4898203,0.47905084,0.48125264,0.47753704,0.34895727,0.39397228,0.29199266,0.38475475,0.45623922,0.39673084
0.5875,0.7375,0.4898203,0.47905084,0.48125264,0.47753704,0.34030396,0.39384428,0.2988701,0.39308336,0.39394677,0.35337052
0.5875,0.7375,0.4898203,0.47905084,0.48125264,0.47753704,0.3299593,0.36211774,0.3012015,0.39630848,0.3837449,0.40292084
0.5875,0.7375,0.4898203,0.47905084,0.48125264,0.47753704,0.34198162,0.3910938,0.30027437,0.39812204,0.33810756,0.3404343
0.6625,0.4,0.4898203,0.47905084,0.48125264,0.47753704,0.57821864,0.6177106,0.57067823,0.61053205,0.587735,0.55289906
0.6625,0.4,0.4898203,0.47905084,0.48125264,0.47753704,0.47042394,0.4641468,0.5141502,0.5358901,0.51583815,0.5067103
0.6625,0.4,0.4898203,0.47905084,0.48125264,0.47753704,0.50588167,0.5006974,0.49341664,0.5104492,0.5049946,0.5160149
0.6625,0.4,0.4898203,0.47905084,0.48125264,0.47753704,0.5124598,0.52692205,0.54629314,0.5662401,0.5781502,0.574244
0.6625,0.4,0.4898203,0.47905084,0.48125264,0.47753704,0.53083146,0.50899017,0.5627631,0.57845914,0.60382247,0.5715034
0.6625,0.4,0.4898203,0.47905084,0.48125264,0.47753704,0.5250581,0.53267497,0.5608918,0.5733582,0.56032956,0.5477676
0.6625,0.4,0.4898203,0.47905084,0.48125264,0.47753704,0.48021078,0.47711843,0.55556464,0.5790304,0.5796821,0.5544525
0.6625,0.4,0.4898203,0.47905084,0.48125264,0.47753704,0.5008788,0.5066786,0.5679498,0.5871313,0.5753641,0.5747324
0.6625,0.4,0.4898203,0.47905084,0.48125264,0.47753704,0.54861027,0.58063704,0.56884223,0.6109517,0.5709941,0.58158463
0.2625,0.325,0.4898203,0.47905084,0.48125264,0.47753704,0.4457171,0.46030325,0.3947039,0.43836182,0.23266244,0.34198004
0.2625,0.325,0.4898203,0.47905084,0.48125264,0.47753704,0.42667437,0.3839481,0.40028065,0.4534157,0.3371037,0.44157234
0.2625,0.325,0.4898203,0.47905084,0.48125264,0.47753704,0.4037746,0.37857282,0.3647496,0.3971128,0.292148,0.38082516
0.2625,0.325,0.4898203,0.47905084,0.48125264,0.47753704,0.43719146,0.3983525,0.40321627,0.43404377,0.27537,0.37377143
0.2625,0.325,0.4898203,0.47905084,0.48125264,0.47753704,0.39756504,0.36745828,0.37997496,0.37434417,0.30590117,0.40478352
0.2625,0.325,0.4898203,0.47905084,0.48125264,0.47753704,0.33702415,0.27544403,0.33308524,0.3417372,0.22283542,0.32903436
0.2625,0.325,0.4898203,0.47905084,0.48125264,0.47753704,0.3969952,0.3916043,0.35518083,0.38576567,0.27871245,0.36117852
0.2625,0.325,0.4898203,0.47905084,0.48125264,0.47753704,0.46037918,0.40614682,0.44648445,0.47510776,0.3345455,0.44210407
0.2625,0.325,0.4898203,0.47905084,0.48125264,0.47753704,0.41968262,0.3997872,0.37132853,0.377742,0.32392105,0.41757378
0.35,0.45,0.4898203,0.47905084,0.48125264,0.47753704,0.38699687,0.41131034,0.30891645,0.31680992,0.24493346,0.3271511
0.35,0.45,0.4898203,0.47905084,0.48125264,0.47753704,0.4116545,0.41498035,0.3339268,0.3410861,0.38203058,0.37077978
0.35,0.45,0.4898203,0.47905084,0.48125264,0.47753704,0.3676363,0.36876178,0.37729222,0.40171257,0.2576688,0.2971307
0.35,0.45,0.4898203,0.47905084,0.48125264,0.47753704,0.3425223,0.30953714,0.32737777,0.33728158,0.2506091,0.2604321
0.35,0.45,0.4898203,0.47905084,0.48125264,0.47753704,0.3637578,0.34306628,0.41371897,0.4481219,0.38455164,0.47459814
0.35,0.45,0.4898203,0.47905084,0.48125264,0.47753704,0.38975996,0.4024321,0.40337086,0.45840326,0.39914834,0.48618588
0.35,0.45,0.4898203,0.47905084,0.48125264,0.47753704,0.40379837,0.3967803,0.30503964,0.30910736,0.26759955,0.34038997
0.35,0.45,0.4898203,0.47905084,0.48125264,0.47753704,0.4028186,0.3564239,0.35325766,0.36039045,0.20934123,0.23307566
0.35,0.45,0.4898203,0.47905084,0.48125264,0.47753704,0.42056513,0.45441246,0.344683,0.39745402,0.37759045,0.36613142
0.675,0.8125,0.4898203,0.47905084,0.48125264,0.47753704,0.48893422,0.5213661,0.49721837,0.56447494,0.48949045,0.57022464
0.675,0.8125,0.4898203,0.47905084,0.48125264,0.47753704,0.46581036,0.47412264,0.480821,0.5410675,0.46416658,0.5639196
0.675,0.8125,0.4898203,0.47905084,0.48125264,0.47753704,0.4656555,0.48080415,0.48727196,0.55987936,0.48704463,0.5984924
0.675,0.8125,0.4898203,0.47905084,0.48125264,0.47753704,0.45194906,0.45079452,0.5014154,0.52554095,0.4158871,0.5124551
0.675,0.8125,0.4898203,0.47905084,0.48125264,0.47753704,0.45562208,0.44337958,0.48332292,0.5397265,0.528886,0.58707845
0.675,0.8125,0.4898203,0.47905084,0.48125264,0.47753704,0.43935984,0.44265735,0.49726778,0.5549615,0.40858105,0.49925378
0.675,0.8125,0.4898203,0.47905084,0.48125264,0.47753704,0.4183372,0.4018214,0.4692132,0.5402174,0.55504274,0.65968984
0.675,0.8125,0.4898203,0.47905084,0.48125264,0.47753704,0.49440613,0.5083109,0.4924215,0.56349033,0.4452797,0.5470274
0.675,0.8125,0.4898203,0.47905084,0.48125264,0.47753704,0.45722997,0.46161443,0.4884709,0.56093055,0.5045958,0.59714836
0.8,0.7,0.4898203,0.47905084,0.48125264,0.47753704,0.6229033,0.58452314,0.680627,0.63367975,0.6958875,0.6532976
0.8,0.7,0.4898203,0.47905084,0.48125264,0.47753704,0.6327081,0.6005581,0.6708012,0.634943,0.6999193,0.6786895
0.8,0.7,0.4898203,0.47905084,0.48125264,0.47753704,0.60816073,0.57408744,0.6841452,0.65040207,0.6855982,0.67391497
0.8,0.7,0.4898203,0.47905084,0.48125264,0.47753704,0.5836433,0.5348778,0.6783923,0.62160665,0.7109212,0.68985695
0.8,0.7,0.4898203,0.47905084,0.48125264,0.47753704,0.62936324,0.5993534,0.6591457,0.6210872,0.66521364,0.66799
0.8,0.7,0.4898203,0.47905084,0.48125264,0.47753704,0.5991415,0.56593245,0.6515267,0.6232208,0.6853289,0.66269433
0.8,0.7,0.4898203,0.47905084,0.48125264,0.47753704,0.62881446,0.59000605,0.6777284,0.64230055,0.7017654,0.672295
0.8,0.7,0.4898203,0.47905084,0.48125264,0.47753704,0.60626805,0.56991756,0.67386764,0.64007145,0.6974726,0.69810367
0.8,0.7,0.4898203,0.47905084,0.48125264,0.47753704,0.59719354,0.55408996,0.6612945,0.6330651,0.6359616,0.6347507
0.7875,0.625,0.4898203,0.47905084,0.48125264,0.47753704,0.53360444,0.53319323,0.583302,0.6171355,0.57778686,0.580723
0.7875,0.625,0.4898203,0.47905084,0.48125264,0.47753704,0.5358555,0.52049404,0.5919595,0.6144484,0.61085683,0.6269495
0.7875,0.625,0.4898203,0.47905084,0.48125264,0.47753704,0.5694624,0.5524485,0.60132587,0.6218399,0.52173513,0.5166261
0.7875,0.625,0.4898203,0.47905084,0.48125264,0.47753704,0.54293764,0.50825334,0.6135777,0.6207476,0.6185918,0.61130846
0.7875,0.625,0.4898203,0.47905084,0.48125264,0.47753704,0.559453,0.5275119,0.6005228,0.6084409,0.6006068,0.5950082
0.7875,0.625,0.4898203,0.47905084,0.48125264,0.47753704,0.5348031,0.5041917,0.59467506,0.606508,0.54301745,0.55515957
0.7875,0.625,0.4898203,0.47905084,0.48125264,0.47753704,0.5450629,0.5197667,0.5943335,0.6095347,0.5250947,0.51280725
0.7875,0.625,0.4898203,0.47905084,0.48125264,0.47753704,0.55150706,0.5574802,0.59896874,0.64438987,0.60236114,0.6225
0.7875,0.625,0.4898203,0.47905084,0.48125264,0.47753704,0.53394103,0.513169,0.6156353,0.64955354,0.5650105,0.5780818
0.2875,0.4625,0.4898203,0.47905084,0.48125264,0.47753704,0.47091764,0.53371996,0.42130095,0.48730943,0.29603758,0.37342176
0.2875,0.4625,0.4898203,0.47905084,0.48125264,0.47753704,0.4731329,0.45619816,0.35553747,0.39024764,0.32814157,0.44191512
0.2875,0.4625,0.4898203,0.47905084,0.48125264,0.47753704,0.4371559,0.43661666,0.44855303,0.4614708,0.3662002,0.43970934
0.2875,0.4625,0.4898203,0.47905084,0.48125264,0.47753704,0.43102908,0.43325934,0.3170037,0.3482877,0.22641301,0.33496198
0.2875,0.4625,0.4898203,0.47905084,0.48125264,0.47753704,0.3581584,0.31966865,0.34595263,0.38350874,0.28359857,0.4143169
0.2875,0.4625,0.4898203,0.47905084,0.48125264,0.47753704,0.44206992,0.43095505,0.39201552,0.44712692,0.31711966,0.44532353
0.2875,0.4625,0.4898203,0.47905084,0.48125264,0.47753704,0.39735132,0.40036863,0.33508545,0.3696667,0.25425604,0.40500006
0.2875,0.4625,0.4898203,0.47905084,0.48125264,0.47753704,0.41105735,0.3794762,0.38691348,0.42575663,0.31765345,0.417421
0.2875,0.4625,0.4898203,0.47905084,0.48125264,0.47753704,0.43016416,0.4307409,0.361752,0.39824226,0.27849042,0.38166398
0.625,0.7625,0.4898203,0.47905084,0.48125264,0.47753704,0.4883369,0.49609852,0.54436696,0.57882905,0.49733818,0.53530806
0.625,0.7625,0.4898203,0.47905084,0.48125264,0.47753704,0.4367133,0.41396284,0.4872951,0.5344632,0.36357376,0.43719038
0.625,0.7625,0.4898203,0.47905084,0.48125264,0.47753704,0.5394175,0.52263325,0.528566,0.56155443,0.46203408,0.54378164
0.625,0.7625,0.4898203,0.47905084,0.48125264,0.47753704,0.57577914,0.6060099,0.53323734,0.5656954,0.45084113,0.5077947
0.625,0.7625,0.4898203,0.47905084,0.48125264,0.47753704,0.46981168,0.44715202,0.50320363,0.5294095,0.48315558,0.48539287
0.625,0.7625,0.4898203,0.47905084,0.48125264,0.47753704,0.39485615,0.4048406,0.42691672,0.45896363,0.41149563,0.42177567
0.625,0.7625,0.4898203,0.47905084,0.48125264,0.47753704,0.47846654,0.48663855,0.4067723,0.4268543,0.43389848,0.51440114
0.625,0.7625,0.4898203,0.47905084,0.48125264,0.47753704,0.545987,0.5357387,0.5029993,0.53295356,0.43345702,0.51435256
0.625,0.7625,0.4898203,0.47905084,0.48125264,0.47753704,0.3980841,0.40462267,0.37316227,0.422963,0.41754067,0.42561257
0.45,0.6,0.4898203,0.47905084,0.48125264,0.47753704,0.43442494,0.45278817,0.3986662,0.44785646,0.35135657,0.427762
0.45,0.6,0.4898203,0.47905084,0.48125264,0.47753704,0.40955752,0.3909276,0.39792794,0.43672782,0.39323398,0.47407594
0.45,0.6,0.4898203,0.47905084,0.48125264,0.47753704,0.38157946,0.35716316,0.39483792,0.4351611,0.3608036,0.42900345
0.45,0.6,0.4898203,0.47905084,0.48125264,0.47753704,0.39430788,0.38083315,0.4168919,0.46666843,0.3621734,0.45780757
0.45,0.6,0.4898203,0.47905084,0.48125264,0.47753704,0.45144922,0.4469483,0.44685248,0.49732554,0.37948045,0.46586347
0.45,0.6,0.4898203,0.47905084,0.48125264,0.47753704,0.4053327,0.40681872,0.41343576,0.46871862,0.4039821,0.51018786
0.45,0.6,0.4898203,0.47905084,0.48125264,0.47753704,0.4064522,0.40710604,0.40652397,0.4447274,0.331366,0.4115909
0.45,0.6,0.4898203,0.47905084,0.48125264,0.47753704,0.39761788,0.40550256,0.3960074,0.44567528,0.40623116,0.4862331
0.45,0.6,0.4898203,0.47905084,0.48125264,0.47753704,0.40948057,0.38979292,0.43923038,0.4914732,0.3779288,0.4742022
0.625,0.6875,0.4898203,0.47905084,0.48125264,0.47753704,0.50544834,0.5122268,0.53562546,0.5599508,0.4640823,0.51493895
0.625,0.6875,0.4898203,0.47905084,0.48125264,0.47753704,0.5270932,0.5115732,0.56709874,0.5885073,0.5265059,0.5860023
0.625,0.6875,0.4898203,0.47905084,0.48125264,0.47753704,0.55214024,0.54175717,0.56897354,0.605923,0.5854715,0.6471182
0.625,0.6875,0.4898203,0.47905084,0.48125264,0.47753704,0.5571205,0.5463712,0.51895845,0.53590536,0.5150574,0.586664
0.625,0.6875,0.4898203,0.47905084,0.48125264,0.47753704,0.55402297,0.52434456,0.49962938,0.5160365,0.5179625,0.58324844
0.625,0.6875,0.4898203,0.47905084,0.48125264,0.47753704,0.55063975,0.55552703,0.54209185,0.55106926,0.50810593,0.56168675
0.625,0.6875,0.4898203,0.47905084,0.48125264,0.47753704,0.58311045,0.5974788,0.5767827,0.6018765,0.62014437,0.6695805
0.625,0.6875,0.4898203,0.47905084,0.48125264,0.47753704,0.56875354,0.58201224,0.5904178,0.61875594,0.5943502,0.62545377
0.625,0.6875,0.4898203,0.47905084,0.48125264,0.47753704,0.55751586,0.54634535,0.5744405,0.6011946,0.5409562,0.6186901
0.375,0.475,0.4898203,0.47905084,0.48125264,0.47753704,0.43532732,0.50972927,0.41615975,0.56184,0.46023902,0.54665846
0.375,0.475,0.4898203,0.47905084,0.48125264,0.47753704,0.48417947,0.57833105,0.40211454,0.53804433,0.41715255,0.5386333
0.375,0.475,0.4898203,0.47905084,0.48125264,0.47753704,0.42145458,0.5170825,0.39831346,0.54383695,0.49163103,0.5414041
0.375,0.475,0.4898203,0.47905084,0.48125264,0.47753704,0.50784516,0.6155293,0.39700228,0.55754006,0.36335477,0.46097615
0.375,0.475,0.4898203,0.47905084,0.48125264,0.47753704,0.5027996,0.62446576,0.42982626,0.56826913,0.49116322,0.60676515
0.375,0.475,0.4898203,0.47905084,0.48125264,0.47753704,0.42812854,0.50787264,0.35037255,0.48506817,0.5470707,0.6381746
0.375,0.475,0.4898203,0.47905084,0.48125264,0.47753704,0.44629794,0.5116899,0.3940751,0.5250087,0.4410965,0.5435667
0.375,0.475,0.4898203,0.47905084,0.48125264,0.47753704,0.5057528,0.61376643,0.42988133,0.56447315,0.49175984,0.6441619
0.375,0.475,0.4898203,0.47905084,0.48125264,0.47753704,0.47688234,0.57132053,0.41446483,0.5526345,0.49309275,0.603402
0.45,0.575,0.4898203,0.47905084,0.48125264,0.47753704,0.4563168,0.4287527,0.5172871,0.45111695,0.43032518,0.5347845
0.45,0.575,0.4898203,0.47905084,0.48125264,0.47753704,0.50162256,0.45007157,0.52125317,0.46173543,0.4706353,0.5634379
0.45,0.575,0.4898203,0.47905084,0.48125264,0.47753704,0.552791,0.5172211,0.5210668,0.44907138,0.43232092,0.53535545
0.45,0.575,0.4898203,0.47905084,0.48125264,0.47753704,0.46756676,0.41104233,0.5142456,0.43973213,0.444263,0.55249816
0.45,0.575,0.4898203,0.47905084,0.48125264,0.47753704,0.5141744,0.46855736,0.5130594,0.45452917,0.44514164,0.5366981
0.45,0.575,0.4898203,0.47905084,0.48125264,0.47753704,0.50847894,0.4710086,0.5238402,0.4576267,0.45260584,0.5373203
0.45,0.575,0.4898203,0.47905084,0.48125264,0.47753704,0.49473763,0.43919098,0.51400423,0.4429737,0.3884203,0.50072634
0.45,0.575,0.4898203,0.47905084,0.48125264,0.47753704,0.49990106,0.44420922,0.5211866,0.4607739,0.454033,0.5417969
0.45,0.575,0.4898203,0.47905084,0.48125264,0.47753704,0.47188023,0.40860516,0.51924205,0.44667536,0.41182387,0.49218372
0.1875,0.5625,0.4898203,0.47905084,0.48125264,0.47753704,0.42858326,0.41873944,0.47318104,0.5290035,0.43661052,0.5216744
0.1875,0.5625,0.4898203,0.47905084,0.48125264,0.47753704,0.49471927,0.47697717,0.48379272,0.5385572,0.40013558,0.5020487
0.1875,0.5625,0.4898203,0.47905084,0.48125264,0.47753704,0.50290024,0.519806,0.48685452,0.5471947,0.4031236,0.49147046
0.1875,0.5625,0.4898203,0.47905084,0.48125264,0.47753704,0.47326922,0.46652716,0.49619317,0.5476693,0.4837803,0.54951334
0.1875,0.5625,0.4898203,0.47905084,0.48125264,0.47753704,0.5017619,0.48104936,0.48195177,0.53574467,0.3883606,0.49706802
0.1875,0.5625,0.4898203,0.47905084,0.48125264,0.47753704,0.5553522,0.59143513,0.49850097,0.55627584,0.43632513,0.5255596
0.1875,0.5625,0.4898203,0.47905084,0.48125264,0.47753704,0.4337417,0.39891678,0.48462772,0.53901476,0.4533438,0.5536992
0.1875,0.5625,0.4898203,0.47905084,0.48125264,0.47753704,0.4629016,0.45279968,0.4772634,0.52761674,0.4222867,0.5006587
0.1875,0.5625,0.4898203,0.47905084,0.48125264,0.47753704,0.5465152,0.5599934,0.48328257,0.5457632,0.47143322,0.54013145
0.575,0.475,0.4898203,0.47905084,0.48125264,0.47753704,0.5725745,0.55642617,0.5408607,0.54977417,0.55553406,0.49823344
0.575,0.475,0.4898203,0.47905084,0.48125264,0.47753704,0.53678167,0.50119966,0.5814948,0.58398545,0.44016427,0.5029169
0.575,0.475,0.4898203,0.47905084,0.48125264,0.47753704,0.57328176,0.57698804,0.6000483,0.6112548,0.5952873,0.5761981
0.575,0.475,0.4898203,0.47905084,0.48125264,0.47753704,0.57307994,0.55836517,0.61236393,0.6101203,0.5568896,0.5544584
0.575,0.475,0.4898203,0.47905084,0.48125264,0.47753704,0.5192424,0.48435265,0.57219636,0.5677027,0.52865726,0.45612112
0.575,0.475,0.4898203,0.47905084,0.48125264,0.47753704,0.533342,0.5101538,0.55778015,0.5613621,0.5102745,0.52858174
0.575,0.475,0.4898203,0.47905084,0.48125264,0.47753704,0.5086212,0.47238666,0.533423,0.5576675,0.43666744,0.4811364
0.575,0.475,0.4898203,0.47905084,0.48125264,0.47753704,0.555127,0.5285663,0.5584899,0.5731125,0.5183482,0.50154454
0.575,0.475,0.4898203,0.47905084,0.48125264,0.47753704,0.55437565,0.5255042,0.58087283,0.58062834,0.5255297,0.4814248
0.7125,0.65,0.4898203,0.47905084,0.48125264,0.47753704,0.6045978,0.6143155,0.62517095,0.6529212,0.5989725,0.6336361
0.7125,0.65,0.4898203,0.47905084,0.48125264,0.47753704,0.60054564,0.5947351,0.61904454,0.6453454,0.6136096,0.6463359
0.7125,0.65,0.4898203,0.47905084,0.48125264,0.47753704,0.61403096,0.62396675,0.62702775,0.6458088,0.63005716,0.6657618
0.7125,0.65,0.4898203,0.47905084,0.48125264,0.47753704,0.62006783,0.6273738,0.6149339,0.6460135,0.5951828,0.63007563
0.7125,0.65,0.4898203,0.47905084,0.48125264,0.47753704,0.5776442,0.58825296,0.6171074,0.642895,0.6243831,0.64773667
0.7125,0.65,0.4898203,0.47905084,0.48125264,0.47753704,0.4740396,0.4750207,0.39316377,0.41465154,0.44601625,0.47668898
0.7125,0.65,0.4898203,0.47905084,0.48125264,0.47753704,0.43380776,0.42551088,0.36052704,0.37905002,0.49997172,0.55005306
0.7125,0.65,0.4898203,0.47905084,0.48125264,0.47753704,0.44055638,0.396429,0.40551713,0.39636058,0.40244684,0.44542277
0.7125,0.65,0.4898203,0.47905084,0.48125264,0.47753704,0.54289937,0.548599,0.5026777,0.56439257,0.4332386,0.41405004
0.6375,0.8,0.4898203,0.47905084,0.48125264,0.47753704,0.57554287,0.61170465,0.59071773,0.6319612,0.63960093,0.6147617
0.6375,0.8,0.4898203,0.47905084,0.48125264,0.47753704,0.57113314,0.5874967,0.5847951,0.62523013,0.63373846,0.6274979
0.6375,0.8,0.4898203,0.47905084,0.48125264,0.47753704,0.54916096,0.56255317,0.58438164,0.6253661,0.6264075,0.6006379
0.6375,0.8,0.4898203,0.47905084,0.48125264,0.47753704,0.52667993,0.5396361,0.58865124,0.64941657,0.61366683,0.62296444
0.6375,0.8,0.4898203,0.47905084,0.48125264,0.47753704,0.5431276,0.55925006,0.58401287,0.6510203,0.6057901,0.6277809
0.6375,0.8,0.4898203,0.47905084,0.48125264,0.47753704,0.53624237,0.55268174,0.5894745,0.65679985,0.5936931,0.61183655
0.6375,0.8,0.4898203,0.47905084,0.48125264,0.47753704,0.518241,0.5109256,0.589782,0.6270229,0.6428627,0.62542206
0.6375,0.8,0.4898203,0.47905084,0.48125264,0.47753704,0.49628234,0.49437064,0.575403,0.6051085,0.62066925,0.60738796
0.6375,0.8,0.4898203,0.47905084,0.48125264,0.47753704,0.59075344,0.61504143,0.5704452,0.5879297,0.61467576,0.5972361
0.525,0.4375,0.4898203,0.47905084,0.48125264,0.47753704,0.58087385,0.5951833,0.62656665,0.6469388,0.54638267,0.5714182
0.525,0.4375,0.4898203,0.47905084,0.48125264,0.47753704,0.51728374,0.49916422,0.59825516,0.62601376,0.52704537,0.5557222
0.525,0.4375,0.4898203,0.47905084,0.48125264,0.47753704,0.51256645,0.52436256,0.60310507,0.63382304,0.49734193,0.55450517
0.525,0.4375,0.4898203,0.47905084,0.48125264,0.47753704,0.5492564,0.57500315,0.56041235,0.58923876,0.4711141,0.50353324
0.525,0.4375,0.4898203,0.47905084,0.48125264,0.47753704,0.6113944,0.6252368,0.5995749,0.6275463,0.5149895,0.5325493
0.525,0.4375,0.4898203,0.47905084,0.48125264,0.47753704,0.59526265,0.59655595,0.61890787,0.6438687,0.5533863,0.54356384
0.525,0.4375,0.4898203,0.47905084,0.48125264,0.47753704,0.608273,0.6375669,0.5786769,0.6208875,0.48634878,0.54190195
0.525,0.4375,0.4898203,0.47905084,0.48125264,0.47753704,0.5218431,0.51857615,0.61297303,0.62842643,0.5438552,0.5548698
0.525,0.4375,0.4898203,0.47905084,0.48125264,0.47753704,0.5440148,0.58953035,0.57168293,0.61908054,0.48967516,0.5120815
0.375,0.2375,0.4898203,0.47905084,0.48125264,0.47753704,0.35990164,0.32148808,0.31653523,0.27140802,0.27934912,0.40653932
0.375,0.2375,0.4898203,0.47905084,0.48125264,0.47753704,0.3918391,0.32471514,0.32875043,0.27313626,0.26219016,0.29188818
0.375,0.2375,0.4898203,0.47905084,0.48125264,0.47753704,0.362388,0.28592098,0.31990716,0.26770082,0.29041424,0.32781073
0.375,0.2375,0.4898203,0.47905084,0.48125264,0.47753704,0.3881839,0.31235275,0.33212382,0.27728873,0.3011206,0.33633822
0.375,0.2375,0.4898203,0.47905084,0.48125264,0.47753704,0.36831057,0.29296923,0.3272721,0.2701717,0.3254266,0.3912627
0.375,0.2375,0.4898203,0.47905084,0.48125264,0.47753704,0.40273368,0.3313681,0.3414722,0.2850769,0.29789093,0.2981696
0.375,0.2375,0.4898203,0.47905084,0.48125264,0.47753704,0.37380397,0.30102563,0.3120409,0.26266068,0.23369578,0.30959094
0.375,0.2375,0.4898203,0.47905084,0.48125264,0.47753704,0.34644717,0.29179263,0.30284318,0.2623676,0.24145037,0.29375964
0.375,0.2375,0.4898203,0.47905084,0.48125264,0.47753704,0.3203459,0.26551116,0.2936355,0.27616987,0.24454185,0.28947595
0.4375,0.6125,0.4898203,0.47905084,0.48125264,0.47753704,0.43985105,0.40099478,0.5368529,0.57092834,0.5633955,0.60786015
0.4375,0.6125,0.4898203,0.47905084,0.48125264,0.47753704,0.5395076,0.52958095,0.56098354,0.57375646,0.53248405,0.54419726
0.4375,0.6125,0.4898203,0.47905084,0.48125264,0.47753704,0.56042755,0.5116537,0.57628936,0.5879582,0.5660149,0.57980776
0.4375,0.6125,0.4898203,0.47905084,0.48125264,0.47753704,0.57170093,0.60603887,0.55274105,0.5620891,0.5187023,0.5421553
0.4375,0.6125,0.4898203,0.47905084,0.48125264,0.47753704,0.5685189,0.5223461,0.5762728,0.59137124,0.5558026,0.5416735
0.4375,0.6125,0.4898203,0.47905084,0.48125264,0.47753704,0.6035055,0.6297398,0.5422907,0.5535566,0.55464655,0.5660475
0.4375,0.6125,0.4898203,0.47905084,0.48125264,0.47753704,0.5679742,0.53040427,0.55786955,0.58191717,0.5534976,0.55833846
0.4375,0.6125,0.4898203,0.47905084,0.48125264,0.47753704,0.5341792,0.5173046,0.5196649,0.55597144,0.51538396,0.5893711
0.4375,0.6125,0.4898203,0.47905084,0.35917836,0.31221962,0.63908225,0.62223357,0.45369062,0.611479,0.48369583,0.53902805
0.525,0.4125,0.4898203,0.47905084,0.48125264,0.47753704,0.48434255,0.48710424,0.4552092,0.50284374,0.40569535,0.36023542
0.525,0.4125,0.4898203,0.47905084,0.48125264,0.47753704,0.49547946,0.47753137,0.512185,0.5434288,0.4571052,0.4219238
0.525,0.4125,0.4898203,0.47905084,0.48125264,0.47753704,0.50518286,0.48965943,0.51427734,0.5439815,0.37394932,0.3196265
0.525,0.4125,0.4898203,0.47905084,0.48125264,0.47753704,0.5153901,0.50537455,0.5479768,0.5815302,0.36642253,0.33526495
0.525,0.4125,0.4898203,0.47905084,0.48125264,0.47753704,0.52209723,0.49897897,0.5436994,0.57309926,0.37263292,0.34064507
0.525,0.4125,0.4898203,0.47905084,0.48125264,0.47753704,0.50098693,0.46567082,0.5310858,0.5602354,0.39564785,0.33132324
0.525,0.4125,0.4898203,0.47905084,0.48125264,0.47753704,0.48908472,0.45657265,0.5059197,0.51350653,0.34241977,0.33259597
0.525,0.4125,0.4898203,0.47905084,0.48125264,0.47753704,0.4826283,0.44675708,0.4845599,0.48989964,0.33475673,0.3675004
0.525,0.4125,0.4898203,0.47905084,0.48125264,0.47753704,0.47093788,0.43173352,0.48370343,0.50085354,0.41608796,0.47090545
0.3875,0.4375,0.4898203,0.47905084,0.48125264,0.47753704,0.40873083,0.46066642,0.38099128,0.4156102,0.3308147,0.41559634
0.3875,0.4375,0.4898203,0.47905084,0.48125264,0.47753704,0.38689423,0.39900866,0.39700434,0.44380924,0.3702669,0.47556952
0.3875,0.4375,0.4898203,0.47905084,0.48125264,0.47753704,0.3507756,0.3680274,0.39017132,0.42639434,0.21496576,0.29897445
0.3875,0.4375,0.4898203,0.47905084,0.48125264,0.47753704,0.34849426,0.35895002,0.39144224,0.4396645,0.26374078,0.29912046
0.3875,0.4375,0.4898203,0.47905084,0.48125264,0.47753704,0.4187932,0.43767166,0.38974202,0.4362897,0.26486692,0.2651884
0.3875,0.4375,0.4898203,0.47905084,0.48125264,0.47753704,0.41879657,0.41468483,0.36734995,0.40408367,0.26940665,0.30239287
0.3875,0.4375,0.4898203,0.47905084,0.48125264,0.47753704,0.37774017,0.36269504,0.35497692,0.4161451,0.3024729,0.30966476
0.3875,0.4375,0.4898203,0.47905084,0.48125264,0.47753704,0.34008163,0.3006051,0.36883584,0.44943723,0.28535697,0.31023818
0.3875,0.4375,0.4898203,0.47905084,0.48125264,0.47753704,0.36041582,0.30613106,0.36788517,0.3684333,0.28494614,0.32720357
0.1625,0.1875,0.4898203,0.47905084,0.48125264,0.47753704,0.35014996,0.37095225,0.31493208,0.27504677,0.19472998,0.29881406
0.1625,0.1875,0.4898203,0.47905084,0.48125264,0.47753704,0.33227262,0.2890121,0.3339942,0.25652754,0.19822657,0.28543505
0.1625,0.1875,0.4898203,0.47905084,0.48125264,0.47753704,0.3082651,0.30137816,0.30954066,0.25677523,0.18500498,0.27639976
0.1625,0.1875,0.4898203,0.47905084,0.48125264,0.47753704,0.3315419,0.32278928,0.31016374,0.27341327,0.22295672,0.32642126
0.1625,0.1875,0.4898203,0.47905084,0.48125264,0.47753704,0.3523569,0.32314956,0.31730828,0.25073344,0.22558063,0.3231578
0.1625,0.1875,0.4898203,0.47905084,0.48125264,0.47753704,0.31590092,0.3041743,0.31558406,0.26614517,0.20519319,0.27914777
0.1625,0.1875,0.4898203,0.47905084,0.48125264,0.47753704,0.31870246,0.28760546,0.29421926,0.26257157,0.1857652,0.29009584
0.1625,0.1875,0.4898203,0.47905084,0.48125264,0.47753704,0.3596421,0.36664283,0.31148958,0.25430375,0.19042936,0.2989577
0.1625,0.1875,0.4898203,0.47905084,0.48125264,0.47753704,0.36118257,0.34487602,0.3116701,0.24613991,0.20021605,0.29635292
0.45,0.575,0.4898203,0.47905084,0.48125264,0.47753704,0.46435618,0.49418926,0.38181084,0.39040262,0.38397214,0.49422818
0.45,0.575,0.4898203,0.47905084,0.48125264,0.47753704,0.42427096,0.38653,0.41511208,0.39815855,0.3726274,0.48556224
0.45,0.575,0.4898203,0.47905084,0.48125264,0.47753704,0.50034827,0.48198003,0.41815472,0.4301798,0.38455838,0.49672675
0.45,0.575,0.4898203,0.47905084,0.48125264,0.47753704,0.6080493,0.5879169,0.5856371,0.5994985,0.60814196,0.5836269
0.45,0.575,0.4898203,0.47905084,0.48125264,0.47753704,0.578713,0.5644276,0.5959015,0.6058078,0.6164502,0.57510954
0.45,0.575,0.4898203,0.47905084,0.48125264,0.47753704,0.57518667,0.56454206,0.5932116,0.6145387,0.58084565,0.58439505
0.45,0.575,0.4898203,0.47905084,0.48125264,0.47753704,0.51482016,0.48126853,0.58190954,0.5900023,0.61874866,0.5920185
0.45,0.575,0.4898203,0.47905084,0.48125264,0.47753704,0.57995945,0.58495367,0.55488616,0.5754248,0.5519522,0.5672193
0.45,0.575,0.4898203,0.47905084,0.48125264,0.47753704,0.5955576,0.5758953,0.53935575,0.554988,0.5591345,0.5981623
0.5,0.5875,0.4898203,0.47905084,0.48125264,0.47753704,0.590803,0.5938701,0.6187818,0.648352,0.668278,0.6585653
0.5,0.5875,0.4898203,0.47905084,0.48125264,0.47753704,0.58238065,0.58132833,0.64362556,0.6505272,0.6344681,0.64421296
0.5,0.5875,0.4898203,0.47905084,0.48125264,0.47753704,0.5536778,0.5592625,0.64669204,0.6499138,0.5778644,0.61471003
0.5,0.5875,0.4898203,0.47905084,0.48125264,0.47753704,0.61857593,0.62523156,0.6451019,0.6497625,0.5376344,0.5785574
0.5,0.5875,0.4898203,0.47905084,0.48125264,0.47753704,0.60587656,0.6144807,0.64281684,0.64715844,0.5926103,0.60419625
0.5,0.5875,0.4898203,0.47905084,0.48125264,0.47753704,0.5364543,0.5441571,0.61887497,0.64488065,0.5431556,0.5707162
0.5,0.5875,0.4898203,0.47905084,0.48125264,0.47753704,0.5848942,0.6112168,0.60641456,0.64841545,0.51303947,0.58301884
0.5,0.5875,0.4898203,0.47905084,0.48125264,0.47753704,0.48118868,0.48877174,0.60357153,0.6432235,0.4728801,0.55187094
0.5,0.5875,0.4898203,0.47905084,0.48125264,0.47753704,0.5438831,0.53449744,0.6254054,0.6539578,0.55191135,0.57306165
0.675,0.6875,0.4898203,0.47905084,0.48125264,0.47753704,0.5269679,0.5504385,0.4274758,0.49687696,0.4426409,0.53113616
0.675,0.6875,0.4898203,0.47905084,0.48125264,0.47753704,0.5339612,0.58477545,0.45228755,0.5181515,0.47842658,0.5311462
0.675,0.6875,0.4898203,0.47905084,0.48125264,0.47753704,0.46649668,0.50115323,0.474102,0.541924,0.5143467,0.5268738
0.675,0.6875,0.4898203,0.47905084,0.48125264,0.47753704,0.5238956,0.562664,0.4645564,0.51638097,0.54527885,0.58057576
0.675,0.6875,0.4898203,0.47905084,0.48125264,0.47753704,0.4930539,0.50849295,0.46261233,0.5073852,0.5670743,0.5721125
0.675,0.6875,0.4898203,0.47905084,0.48125264,0.47753704,0.45824513,0.42184454,0.46615416,0.51432395,0.504535,0.5558896
0.675,0.6875,0.4898203,0.47905084,0.48125264,0.47753704,0.49171615,0.4768452,0.47992465,0.5313333,0.54515004,0.5598144
0.675,0.6875,0.4898203,0.47905084,0.48125264,0.47753704,0.47261456,0.46368486,0.5069682,0.5600521,0.44832906,0.55655473
0.675,0.6875,0.4898203,0.47905084,0.48125264,0.47753704,0.513981,0.49139386,0.5162724,0.5649539,0.5157988,0.5802369
0.425,0.475,0.4898203,0.47905084,0.48125264,0.47753704,0.4971332,0.4566602,0.47989202,0.5247679,0.42787915,0.5382904
0.425,0.475,0.4898203,0.47905084,0.48125264,0.47753704,0.5082152,0.5040726,0.47029927,0.51104563,0.39298728,0.50073326
0.425,0.475,0.4898203,0.47905084,0.48125264,0.47753704,0.40471175,0.3406006,0.39567688,0.40386623,0.35710472,0.44687635
0.425,0.475,0.4898203,0.47905084,0.48125264,0.47753704,0.34313864,0.2782156,0.34343836,0.36047134,0.32251248,0.4392668
0.425,0.475,0.4898203,0.47905084,0.48125264,0.47753704,0.364864,0.3058101,0.32567343,0.3430934,0.29105538,0.3925124
0.425,0.475,0.4898203,0.47905084,0.48125264,0.47753704,0.4128028,0.3468153,0.3991937,0.43310302,0.4233773,0.50422406
0.425,0.475,0.4898203,0.47905084,0.48125264,0.47753704,0.3619127,0.29498553,0.35029453,0.38356328,0.35203338,0.43867803
0.425,0.475,0.4898203,0.47905084,0.48125264,0.47753704,0.42365205,0.3851598,0.396556,0.44156194,0.32343692,0.3945417
0.425,0.475,0.4898203,0.47905084,0.48125264,0.47753704,0.45950434,0.42051584,0.3889674,0.42295218,0.33768734,0.47581553
0.4625,0.6125,0.4898203,0.47905084,0.48125264,0.47753704,0.48184258,0.5383147,0.5205258,0.56939167,0.3928504,0.4580465
0.4625,0.6125,0.4898203,0.47905084,0.48125264,0.47753704,0.46162564,0.4455428,0.47998774,0.50310075,0.30758178,0.36403283
0.4625,0.6125,0.4898203,0.47905084,0.48125264,0.47753704,0.50800806,0.5057851,0.51526713,0.5545541,0.47306088,0.5520696
0.4625,0.6125,0.4898203,0.47905084,0.48125264,0.47753704,0.43158546,0.41835988,0.4222151,0.4272451,0.32398817,0.39985773
0.4625,0.6125,0.4898203,0.47905084,0.48125264,0.47753704,0.454896,0.47022367,0.45938337,0.47911128,0.43780407,0.45202553
0.4625,0.6125,0.4898203,0.47905084,0.48125264,0.47753704,0.43520433,0.4353826,0.3976425,0.43419632,0.41529948,0.48627168
0.4625,0.6125,0.4898203,0.47905084,0.48125264,0.47753704,0.4398617,0.44032824,0.42087108,0.42824274,0.43907127,0.46153018
0.4625,0.6125,0.4898203,0.47905084,0.48125264,0.47753704,0.48855996,0.50473547,0.43737814,0.45209587,0.45091367,0.48984316
0.4625,0.6125,0.4898203,0.47905084,0.48125264,0.47753704,0.49195006,0.49498206,0.45685333,0.477268,0.33828244,0.4628477
0.6,0.675,0.4898203,0.47905084,0.48125264,0.47753704,0.61800516,0.61921054,0.649754,0.6487467,0.6641489,0.6568083
0.6,0.675,0.4898203,0.47905084,0.48125264,0.47753704,0.62204456,0.63748693,0.6464839,0.6655248,0.666837,0.6316584
0.6,0.675,0.4898203,0.47905084,0.48125264,0.47753704,0.547739,0.5337103,0.63071257,0.6494723,0.6152993,0.6193095
0.6,0.675,0.4898203,0.47905084,0.48125264,0.47753704,0.5540633,0.5422358,0.6502557,0.67048705,0.6589084,0.63663036
0.6,0.675,0.4898203,0.47905084,0.48125264,0.47753704,0.56516147,0.5602138,0.54686326,0.58187693,0.6244719,0.62914175
0.6,0.675,0.4898203,0.47905084,0.47965506,0.47432747,0.60350764,0.6225474,0.5867049,0.6259738,0.65628535,0.6541645
0.6,0.675,0.4898203,0.47905084,0.48125264,0.47753704,0.5720985,0.5761786,0.5709498,0.5963942,0.6190239,0.6419002
0.6,0.675,0.4898203,0.47905084,0.48125264,0.47753704,0.5972734,0.59918445,0.6327237,0.65153265,0.65547216,0.6325464
0.6,0.675,0.4898203,0.47905084,0.48125264,0.47753704,0.5681113,0.58619106,0.63263226,0.64797723,0.6311377,0.637829
0.2625,0.4,0.4898203,0.47905084,0.48125264,0.47753704,0.3737272,0.391748,0.30170852,0.36794314,0.27596095,0.3515857
0.2625,0.4,0.4898203,0.47905084,0.48125264,0.47753704,0.41115084,0.43066233,0.30821425,0.372539,0.35763168,0.42095208
0.2625,0.4,0.4898203,0.47905084,0.48125264,0.47753704,0.38420781,0.3978691,0.3024214,0.36260316,0.2817189,0.37669364
0.2625,0.4,0.4898203,0.47905084,0.48125264,0.47753704,0.43213192,0.45291883,0.3018041,0.3458624,0.24319798,0.32529864
0.2625,0.4,0.4898203,0.47905084,0.48125264,0.47753704,0.38272887,0.404514,0.2909745,0.35155967,0.26371714,0.3365233
0.2625,0.4,0.4898203,0.47905084,0.48125264,0.47753704,0.36951327,0.36490554,0.28800297,0.35626465,0.21222726,0.30416778
0.2625,0.4,0.4898203,0.47905084,0.48125264,0.47753704,0.4350409,0.470343,0.30646503,0.36642277,0.2904075,0.3633455
0.2625,0.4,0.4898203,0.47905084,0.48125264,0.47753704,0.3372415,0.38925546,0.29820067,0.36898202,0.2825241,0.3596156
0.2625,0.4,0.4898203,0.47905084,0.48125264,0.47753704,0.36838895,0.38822207,0.28815308,0.36189952,0.43597877,0.5288256
0.35,0.3,0.4898203,0.47905084,0.48125264,0.47753704,0.35328966,0.34960103,0.3634249,0.390853,0.34959975,0.44566315
0.35,0.3,0.4898203,0.47905084,0.48125264,0.47753704,0.34400207,0.31077036,0.3765099,0.38685492,0.32661462,0.3666669
0.35,0.3,0.4898203,0.47905084,0.48125264,0.47753704,0.38650084,0.37688988,0.31870598,0.31397277,0.2934949,0.29921022
0.35,0.3,0.4898203,0.47905084,0.48125264,0.47753704,0.3608591,0.33983594,0.3640327,0.38531983,0.3295024,0.43853518
0.35,0.3,0.4898203,0.47905084,0.48125264,0.47753704,0.38594386,0.361316,0.38636166,0.42042795,0.24545121,0.37674356
0.35,0.3,0.4898203,0.47905084,0.48125264,0.47753704,0.40484992,0.3935203,0.42659616,0.44496164,0.33471492,0.43994394
0.35,0.3,0.4898203,0.47905084,0.48125264,0.47753704,0.42782402,0.42735606,0.4168003,0.4512947,0.36802477,0.4239646
0.35,0.3,0.4898203,0.47905084,0.48125264,0.47753704,0.45224768,0.47630656,0.43810505,0.45355174,0.38556325,0.48888335
0.35,0.3,0.4898203,0.47905084,0.48125264,0.47753704,0.4364416,0.44782108,0.45217094,0.49827936,0.3832347,0.51973796
0.3125,0.2125,0.4898203,0.47905084,0.48125264,0.47753704,0.35894042,0.34191453,0.34744197,0.3364076,0.29305726,0.35052764
0.3125,0.2125,0.4898203,0.47905084,0.48125264,0.47753704,0.34382564,0.3125791,0.30779344,0.33434585,0.26359954,0.3578522
0.3125,0.2125,0.4898203,0.47905084,0.48125264,0.47753704,0.39346647,0.3856924,0.35829085,0.38086316,0.37804008,0.45119223
0.3125,0.2125,0.4898203,0.47905084,0.48125264,0.47753704,0.36208603,0.31063485,0.36928052,0.34974265,0.26307413,0.32150018
0.3125,0.2125,0.4898203,0.47905084,0.48125264,0.47753704,0.36267284,0.33818382,0.31731546,0.3423077,0.2476573,0.29502082
0.3125,0.2125,0.4898203,0.47905084,0.48125264,0.47753704,0.3697365,0.34422672,0.36686847,0.38501313,0.29832494,0.37184316
0.3125,0.2125,0.4898203,0.47905084,0.48125264,0.47753704,0.3683162,0.34145766,0.3490116,0.38374385,0.23983744,0.35046217
0.3125,0.2125,0.4898203,0.47905084,0.48125264,0.47753704,0.36674562,0.3143127,0.33882156,0.32998514,0.2541051,0.3335514
0.3125,0.2125,0.4898203,0.47905084,0.48125264,0.47753704,0.34927025,0.31979436,0.34438896,0.37601817,0.30640325,0.37885055
0.2875,0.375,0.4898203,0.47905084,0.48125264,0.47753704,0.4525561,0.4654761,0.51164126,0.5157122,0.46046624,0.4675858
0.2875,0.375,0.4898203,0.47905084,0.48125264,0.47753704,0.45123088,0.44475687,0.5000658,0.46743283,0.41672057,0.46499437
0.2875,0.375,0.4898203,0.47905084,0.48125264,0.47753704,0.43959242,0.43042246,0.4957464,0.48465174,0.41664344,0.48957407
0.2875,0.375,0.4898203,0.47905084,0.48125264,0.47753704,0.48307097,0.4817527,0.48689657,0.46791694,0.39071187,0.48115698
0.2875,0.375,0.4898203,0.47905084,0.48125264,0.47753704,0.46087137,0.42417336,0.5161798,0.48384914,0.40000632,0.46946964
0.2875,0.375,0.4898203,0.47905084,0.48125264,0.47753704,0.50329876,0.4696576,0.50994396,0.45417938,0.51205707,0.4775043
0.2875,0.375,0.4898203,0.47905084,0.48125264,0.47753704,0.4270072,0.38550717,0.50647926,0.43593422,0.45742816,0.40356869
0.2875,0.375,0.4898203,0.47905084,0.48125264,0.47753704,0.5116159,0.4858663,0.49719462,0.44044706,0.35635406,0.42482048
0.2875,0.375,0.4898203,0.47905084,0.48125264,0.47753704,0.43313777,0.38199404,0.5113174,0.44757292,0.4492607,0.45322964
0.2875,0.3125,0.4898203,0.47905084,0.48125264,0.47753704,0.41500592,0.39249602,0.43876296,0.43371463,0.32128987,0.28416824
0.2875,0.3125,0.4898203,0.47905084,0.48125264,0.47753704,0.37953636,0.3385471,0.45904186,0.45765215,0.28733942,0.2508956
0.2875,0.3125,0.4898203,0.47905084,0.48125264,0.47753704,0.42489022,0.39153588,0.43842715,0.44175076,0.30815142,0.25052717
0.2875,0.3125,0.4898203,0.47905084,0.48125264,0.47753704,0.47236317,0.45789087,0.51017284,0.54175264,0.4219006,0.45220494
0.2875,0.3125,0.4898203,0.47905084,0.48125264,0.47753704,0.453786,0.43284982,0.44724932,0.46976137,0.35093814,0.3835512
0.2875,0.3125,0.4898203,0.47905084,0.48125264,0.47753704,0.48247302,0.449821,0.5191552,0.5618172,0.3884278,0.40782
0.2875,0.3125,0.4898203,0.47905084,0.48125264,0.47753704,0.4138587,0.38263267,0.43911678,0.45104328,0.31129462,0.27882263
0.2875,0.3125,0.4898203,0.47905084,0.48125264,0.47753704,0.4555168,0.4202144,0.50900173,0.54675233,0.40693915,0.4019474
0.2875,0.3125,0.4898203,0.47905084,0.48125264,0.47753704,0.42566618,0.40157586,0.42984813,0.46390575,0.4060567,0.45312208
0.475,0.4375,0.4898203,0.47905084,0.48125264,0.47753704,0.36684877,0.36141974,0.44155434,0.56932664,0.29361564,0.27867
0.475,0.4375,0.4898203,0.47905084,0.48125264,0.47753704,0.4143959,0.37743235,0.50266254,0.51938945,0.4412271,0.5154832
0.475,0.4375,0.4898203,0.47905084,0.48125264,0.47753704,0.48835137,0.46144944,0.49113327,0.5102668,0.41313377,0.44900712
0.475,0.4375,0.4898203,0.47905084,0.48125264,0.47753704,0.40316406,0.3411621,0.51873916,0.5290134,0.46776858,0.45539272
0.475,0.4375,0.4898203,0.47905084,0.48125264,0.47753704,0.5214654,0.49644893,0.54818773,0.54908097,0.46442991,0.50162935
0.475,0.4375,0.4898203,0.47905084,0.48125264,0.47753704,0.46392208,0.43637568,0.54133487,0.5410938,0.45646632,0.49936816
0.475,0.4375,0.4898203,0.47905084,0.48125264,0.47753704,0.43913737,0.39408475,0.55431247,0.5276358,0.47272393,0.47467548
0.475,0.4375,0.4898203,0.47905084,0.48125264,0.47753704,0.48916882,0.4521945,0.53092515,0.51339805,0.42743465,0.48409784
0.475,0.4375,0.4898203,0.47905084,0.48125264,0.47753704,0.42510062,0.3805862,0.508633,0.5326841,0.41586953,0.52295446
0.4,0.2625,0.4898203,0.47905084,0.48125264,0.47753704,0.45330817,0.47281152,0.39329422,0.43156224,0.35045072,0.3934133
0.4,0.2625,0.4898203,0.47905084,0.48125264,0.47753704,0.4284795,0.42657,0.3828495,0.41067022,0.32981747,0.40356666
0.4,0.2625,0.4898203,0.47905084,0.48125264,0.47753704,0.34368172,0.33431977,0.34011528,0.36105675,0.28760836,0.39499038
0.4,0.2625,0.4898203,0.47905084,0.48125264,0.47753704,0.37238848,0.34220287,0.37057358,0.36413935,0.32961664,0.41217065
0.4,0.2625,0.4898203,0.47905084,0.48125264,0.47753704,0.3923405,0.36085427,0.40288895,0.4447144,0.31952792,0.39557794
0.4,0.2625,0.4898203,0.47905084,0.48125264,0.47753704,0.48083445,0.5013284,0.45928076,0.50696623,0.4388794,0.52076334
0.4,0.2625,0.4898203,0.47905084,0.48125264,0.47753704,0.37576878,0.34362102,0.3702351,0.4124798,0.3317659,0.39563715
0.4,0.2625,0.4898203,0.47905084,0.48125264,0.47753704,0.39592823,0.3858317,0.36669743,0.41148627,0.37865108,0.43486762
0.4,0.2625,0.4898203,0.47905084,0.48125264,0.47753704,0.4817842,0.5181097,0.43486282,0.48135045,0.37652773,0.42470396
0.375,0.575,0.4898203,0.47905084,0.48125264,0.47753704,0.5057416,0.5128141,0.4940603,0.49774057,0.47515914,0.5684644
0.375,0.575,0.4898203,0.47905084,0.48125264,0.47753704,0.46740118,0.4326498,0.4797622,0.46721023,0.40058362,0.49579313
0.375,0.575,0.4898203,0.47905084,0.48125264,0.47753704,0.48015916,0.46942335,0.49325338,0.48756844,0.41555262,0.5422144
0.375,0.575,0.4898203,0.47905084,0.48125264,0.47753704,0.52257395,0.50770485,0.49218902,0.46181506,0.4823259,0.5774217
0.375,0.575,0.4898203,0.47905084,0.48125264,0.47753704,0.46233612,0.4186799,0.48467365,0.44807795,0.37076968,0.46944275
0.375,0.575,0.4898203,0.47905084,0.48125264,0.47753704,0.46646866,0.43376225,0.47924152,0.43071276,0.48017472,0.5627117
0.375,0.575,0.4898203,0.47905084,0.48125264,0.47753704,0.50479543,0.48056042,0.48856467,0.43915612,0.4740899,0.5540427
0.375,0.575,0.4898203,0.47905084,0.48125264,0.47753704,0.4812989,0.46747535,0.48477408,0.45016682,0.41039142,0.49337134
0.375,0.575,0.4898203,0.47905084,0.48125264,0.47753704,0.47595048,0.45298147,0.48335332,0.45379773,0.40887356,0.45901555
0.6875,0.25,0.4898203,0.47905084,0.48125264,0.47753704,0.5755812,0.53239834,0.68886745,0.63955474,0.67780274,0.62743914
0.6875,0.25,0.4898203,0.47905084,0.48125264,0.47753704,0.62768316,0.5915352,0.700935,0.641198,0.69457537,0.6562319
0.6875,0.25,0.4898203,0.47905084,0.48125264,0.47753704,0.59961164,0.55118626,0.70055896,0.6385484,0.6921063,0.6557856
0.6875,0.25,0.4898203,0.47905084,0.48125264,0.47753704,0.62755024,0.60048753,0.69419307,0.6436826,0.6962125,0.65718144
0.6875,0.25,0.4898203,0.47905084,0.48125264,0.47753704,0.59531945,0.56615394,0.67570823,0.64028543,0.6941355,0.64629847
0.6875,0.25,0.4898203,0.47905084,0.48125264,0.47753704,0.61860883,0.6074034,0.67210937,0.6392013,0.73387295,0.66517496
0.6875,0.25,0.4898203,0.47905084,0.48125264,0.47753704,0.5959221,0.5698409,0.6844202,0.6433781,0.6926081,0.6409683
0.6875,0.25,0.4898203,0.47905084,0.48125264,0.47753704,0.5890962,0.56257075,0.68477875,0.641384,0.6645422,0.60602534
0.6875,0.25,0.4898203,0.47905084,0.48125264,0.47753704,0.5816015,0.5730271,0.6380347,0.6386311,0.6730012,0.648598
0.6,0.425,0.4898203,0.47905084,0.48125264,0.47753704,0.5255922,0.5458815,0.530184,0.57583755,0.4674402,0.5530793
0.6,0.425,0.4898203,0.47905084,0.48125264,0.47753704,0.521892,0.52583873,0.51406366,0.55609524,0.47004065,0.501022
0.6,0.425,0.4898203,0.47905084,0.48125264,0.47753704,0.51722485,0.5378484,0.4833691,0.5233511,0.50679564,0.57042545
0.6,0.425,0.4898203,0.47905084,0.48125264,0.47753704,0.45389694,0.42822057,0.49817273,0.53355706,0.39528978,0.5111652
0.6,0.425,0.4898203,0.47905084,0.48125264,0.47753704,0.5106998,0.49464607,0.5068095,0.55397594,0.41965824,0.5505591
0.6,0.425,0.4898203,0.47905084,0.48125264,0.47753704,0.47050235,0.42301548,0.5416852,0.5689573,0.46613067,0.5517341
0.6,0.425,0.4898203,0.47905084,0.48125264,0.47753704,0.4902948,0.4726345,0.5145933,0.52751577,0.49398327,0.56193936
0.6,0.425,0.4898203,0.47905084,0.48125264,0.47753704,0.53723234,0.51694304,0.5155761,0.5489804,0.5406068,0.6029301
0.6,0.425,0.4898203,0.47905084,0.48125264,0.47753704,0.5362861,0.5479827,0.5161295,0.5451495,0.48343134,0.56258965
0.35,0.6125,0.4898203,0.47905084,0.48125264,0.47753704,0.4095867,0.38232428,0.38986465,0.4460667,0.34723696,0.3708759
0.35,0.6125,0.4898203,0.47905084,0.48125264,0.47753704,0.3980195,0.38940126,0.42383334,0.4844672,0.31152236,0.38973522
0.35,0.6125,0.4898203,0.47905084,0.48125264,0.47753704,0.3769334,0.3453892,0.41667268,0.47701824,0.30991146,0.35527053
0.35,0.6125,0.4898203,0.47905084,0.48125264,0.47753704,0.3993024,0.3833322,0.44507378,0.5116515,0.38793987,0.45259538
0.35,0.6125,0.4898203,0.47905084,0.48125264,0.47753704,0.3864386,0.3530588,0.42473844,0.48481762,0.38200924,0.44880357
0.35,0.6125,0.4898203,0.47905084,0.48125264,0.47753704,0.40549332,0.39774308,0.4259544,0.48793164,0.4507465,0.47938007
0.35,0.6125,0.4898203,0.47905084,0.48125264,0.47753704,0.43228546,0.43157697,0.43493244,0.49531808,0.33801103,0.37014064
0.35,0.6125,0.4898203,0.47905084,0.48125264,0.47753704,0.42946702,0.4109773,0.44894093,0.51008797,0.468711,0.4758877
0.35,0.6125,0.4898203,0.47905084,0.48125264,0.47753704,0.4415632,0.42413545,0.45848137,0.519917,0.37070304,0.453772
0.825,0.2625,0.4898203,0.47905084,0.48125264,0.47753704,0.5605856,0.56757826,0.6175853,0.6551893,0.5332808,0.5051195
0.825,0.2625,0.4898203,0.47905084,0.48125264,0.47753704,0.5996424,0.61578894,0.6222174,0.6591518,0.6317429,0.612921
0.825,0.2625,0.4898203,0.47905084,0.48125264,0.47753704,0.5894675,0.59191376,0.6287852,0.6569371,0.5567516,0.487997
0.825,0.2625,0.4898203,0.47905084,0.48125264,0.47753704,0.5659334,0.5718657,0.6255212,0.65541553,0.64563453,0.6019274
0.825,0.2625,0.4898203,0.47905084,0.48125264,0.47753704,0.55683106,0.5653731,0.6135951,0.65170056,0.5876269,0.55380833
0.825,0.2625,0.4898203,0.47905084,0.48125264,0.47753704,0.58626735,0.5999622,0.6254174,0.6519121,0.6050238,0.54766804
0.825,0.2625,0.4898203,0.47905084,0.48125264,0.47753704,0.5682532,0.5725465,0.62878335,0.65169084,0.6688701,0.63803387
0.825,0.2625,0.4898203,0.47905084,0.48125264,0.47753704,0.55900335,0.56882614,0.61145115,0.6469408,0.6080262,0.58763325
0.825,0.2625,0.4898203,0.47905084,0.48125264,0.47753704,0.5850755,0.59531444,0.6281574,0.64732814,0.5728454,0.53203934
0.825,0.85,0.4898203,0.47905084,0.48125264,0.47753704,0.56072676,0.55596554,0.5907196,0.6058645,0.57257855,0.57195765
0.825,0.85,0.4898203,0.47905084,0.48125264,0.47753704,0.5590569,0.53789765,0.6349163,0.6372804,0.68225795,0.6813215
0.825,0.85,0.4898203,0.47905084,0.48125264,0.47753704,0.52174425,0.50309235,0.61100715,0.62876207,0.6072364,0.60520154
0.825,0.85,0.4898203,0.47905084,0.48125264,0.47753704,0.47688872,0.46033627,0.59624535,0.62374544,0.60372204,0.60360557
0.825,0.85,0.4898203,0.47905084,0.48125264,0.47753704,0.53213173,0.50104105,0.5748731,0.5928505,0.5815868,0.59032965
0.825,0.85,0.4898203,0.47905084,0.48125264,0.47753704,0.50841403,0.47139645,0.5921596,0.6021552,0.6223068,0.6126762
0.825,0.85,0.4898203,0.47905084,0.48125264,0.47753704,0.57822263,0.5829974,0.6232593,0.6525297,0.6558414,0.64379185
0.825,0.85,0.4898203,0.47905084,0.48125264,0.47753704,0.58444023,0.5794222,0.538697,0.54899275,0.62976307,0.61621314
0.825,0.85,0.4898203,0.47905084,0.48125264,0.47753704,0.5236679,0.48514533,0.46018437,0.43355596,0.3956355,0.51288956
0.3125,0.4,0.4898203,0.47905084,0.48125264,0.47753704,0.5388023,0.53087366,0.5900862,0.6172781,0.5509661,0.5063278
0.3125,0.4,0.4898203,0.47905084,0.48125264,0.47753704,0.44131488,0.40556,0.49218604,0.50574696,0.42122617,0.46998724
0.3125,0.4,0.4898203,0.47905084,0.48125264,0.47753704,0.50966245,0.50912684,0.54037696,0.5821489,0.35133156,0.3131098
0.3125,0.4,0.4898203,0.47905084,0.48125264,0.47753704,0.51972586,0.5109203,0.5423435,0.56351554,0.32297993,0.275181
0.3125,0.4,0.4898203,0.47905084,0.48125264,0.47753704,0.45237797,0.40392035,0.42569825,0.38128263,0.33257452,0.32974577
0.3125,0.4,0.4898203,0.47905084,0.48125264,0.47753704,0.36793992,0.29032058,0.3796544,0.2929371,0.30233732,0.36602893
0.3125,0.4,0.4898203,0.47905084,0.48125264,0.47753704,0.38764372,0.3592627,0.3611181,0.3132862,0.2794418,0.32691577
0.3125,0.4,0.4898203,0.47905084,0.48125264,0.47753704,0.4372121,0.44377416,0.28695425,0.27298966,0.361185,0.39842454
0.3125,0.4,0.4898203,0.47905084,0.48125264,0.47753704,0.37128037,0.3576597,0.3425315,0.29529476,0.36977,0.4085373
0.4125,0.575,0.4898203,0.47905084,0.48125264,0.47753704,0.52370965,0.5542026,0.51046556,0.48073506,0.5092205,0.5193469
0.4125,0.575,0.4898203,0.47905084,0.48125264,0.47753704,0.518372,0.51887745,0.50922406,0.47354123,0.44371334,0.51146007
0.4125,0.575,0.4898203,0.47905084,0.48125264,0.47753704,0.50679046,0.48747617,0.51186633,0.48322248,0.4371206,0.5415423
0.4125,0.575,0.4898203,0.47905084,0.48125264,0.47753704,0.4810155,0.44202268,0.51807964,0.4860221,0.46968365,0.56315506
0.4125,0.575,0.4898203,0.47905084,0.48125264,0.47753704,0.5006575,0.4535579,0.5098601,0.47022685,0.46837005,0.55793655
0.4125,0.575,0.4898203,0.47905084,0.48125264,0.47753704,0.55663,0.52193564,0.53668797,0.49074733,0.46650484,0.542231
0.4125,0.575,0.4898203,0.47905084,0.48125264,0.47753704,0.5781449,0.5394523,0.56086504,0.52807224,0.4687652,0.5485651
0.4125,0.575,0.4898203,0.47905084,0.48125264,0.47753704,0.5277032,0.4854778,0.535583,0.49356255,0.4992336,0.57208425
0.4125,0.575,0.4898203,0.47905084,0.48125264,0.47753704,0.5557258,0.5136824,0.5442946,0.50301576,0.5260328,0.5300509
0.2625,0.35,0.4898203,0.47905084,0.48125264,0.47753704,0.3919583,0.40721285,0.29815614,0.32398766,0.3271655,0.30334908
0.2625,0.35,0.4898203,0.47905084,0.48125264,0.47753704,0.31496352,0.297604,0.2851807,0.33439445,0.26413286,0.35941458
0.2625,0.35,0.4898203,0.47905084,0.48125264,0.47753704,0.4020449,0.40257388,0.28073412,0.34474507,0.20235276,0.27095264
0.2625,0.35,0.4898203,0.47905084,0.48125264,0.47753704,0.37927607,0.3757993,0.28139794,0.32101142,0.24323699,0.29030463
0.2625,0.35,0.4898203,0.47905084,0.48125264,0.47753704,0.34395567,0.32282817,0.27939895,0.32415527,0.2645403,0.25192714
0.2625,0.35,0.4898203,0.47905084,0.48125264,0.47753704,0.30896598,0.31698054,0.276093,0.32786995,0.24714258,0.28279942
0.2625,0.35,0.4898203,0.47905084,0.48125264,0.47753704,0.30959362,0.31135464,0.278627,0.3281108,0.2709239,0.32138315
0.2625,0.35,0.4898203,0.47905084,0.48125264,0.47753704,0.3148643,0.2951079,0.284278,0.30215725,0.18613604,0.25295728
0.2625,0.35,0.4898203,0.47905084,0.48125264,0.47753704,0.35059726,0.31882745,0.29814184,0.31065375,0.21585298,0.22344768
0.2625,0.3375,0.4898203,0.47905084,0.48125264,0.47753704,0.35999748,0.35854495,0.2811434,0.29044053,0.21274918,0.29797363
0.2625,0.3375,0.4898203,0.47905084,0.48125264,0.47753704,0.3533676,0.30737716,0.33274043,0.35478187,0.30118605,0.38549548
0.2625,0.3375,0.4898203,0.47905084,0.48125264,0.47753704,0.31934878,0.24210265,0.2880988,0.29327014,0.20599294,0.24471956
0.2625,0.3375,0.4898203,0.47905084,0.48125264,0.47753704,0.36302117,0.32428586,0.2996793,0.29165292,0.20353821,0.26381505
0.2625,0.3375,0.4898203,0.47905084,0.48125264,0.47753704,0.33239508,0.26284158,0.2929439,0.31046575,0.21047828,0.28766727
0.2625,0.3375,0.4898203,0.47905084,0.48125264,0.47753704,0.4024262,0.3781211,0.32449105,0.3004895,0.19923556,0.25926927
0.2625,0.3375,0.4898203,0.47905084,0.48125264,0.47753704,0.3461918,0.28581938,0.30554622,0.30278933,0.23297909,0.27427512
0.2625,0.3375,0.4898203,0.47905084,0.48125264,0.47753704,0.3362251,0.29113623,0.307697,0.2967733,0.26244286,0.3061873
0.2625,0.3375,0.4898203,0.47905084,0.48125264,0.47753704,0.376849,0.3839843,0.33284742,0.34967676,0.2779325,0.39219424
0.3,0.5625,0.4898203,0.47905084,0.48125264,0.47753704,0.35204262,0.36578137,0.28348207,0.29859766,0.20682457,0.3518635
0.3,0.5625,0.4898203,0.47905084,0.48125264,0.47753704,0.34360078,0.31288898,0.27597442,0.29066977,0.23241279,0.36632064
0.3,0.5625,0.4898203,0.47905084,0.48125264,0.47753704,0.36318907,0.3309807,0.2563689,0.25683647,0.18332776,0.31290275
0.3,0.5625,0.4898203,0.47905084,0.48125264,0.47753704,0.41757905,0.39851743,0.3068694,0.32685328,0.27431187,0.3781971
0.3,0.5625,0.4898203,0.47905084,0.48125264,0.47753704,0.4995324,0.48677474,0.44918972,0.49448046,0.37626913,0.4960348
0.3,0.5625,0.4898203,0.47905084,0.48125264,0.47753704,0.4466057,0.43740392,0.43203676,0.47381037,0.34644747,0.448114
0.3,0.5625,0.4898203,0.47905084,0.48125264,0.47753704,0.44830143,0.44264048,0.3868163,0.41458225,0.2997771,0.4063273
0.3,0.5625,0.4898203,0.47905084,0.48125264,0.47753704,0.38606295,0.35759294,0.34512895,0.36219114,0.31193513,0.38469794
0.3,0.5625,0.4898203,0.47905084,0.48125264,0.47753704,0.3634497,0.33510602,0.40302977,0.437812,0.29354635,0.41354284
0.35,0.45,0.4898203,0.47905084,0.48125264,0.47753704,0.32708967,0.26952833,0.2961672,0.27243063,0.18770465,0.2719599
0.35,0.45,0.4898203,0.47905084,0.48125264,0.47753704,0.40494257,0.37886563,0.352372,0.37331516,0.48928174,0.57610697
0.35,0.45,0.4898203,0.47905084,0.48125264,0.47753704,0.5793878,0.59621483,0.53762746,0.57482177,0.5216861,0.63839996
0.35,0.45,0.4898203,0.47905084,0.48125264,0.47753704,0.53704673,0.5012847,0.5434501,0.57085943,0.5469883,0.63270134
0.35,0.45,0.4898203,0.47905084,0.48125264,0.47753704,0.56916744,0.56604964,0.52890474,0.5644741,0.57513225,0.6416494
0.35,0.45,0.4898203,0.47905084,0.48125264,0.47753704,0.5405157,0.5364155,0.51914215,0.5568285,0.5768999,0.65240216
0.35,0.45,0.4898203,0.47905084,0.48125264,0.47753704,0.558706,0.5524385,0.5298728,0.5621594,0.5631788,0.63051367
0.35,0.45,0.4898203,0.47905084,0.48125264,0.47753704,0.57750285,0.5639109,0.52523994,0.5598445,0.54207355,0.63005644
0.35,0.45,0.4898203,0.47905084,0.48125264,0.47753704,0.5041007,0.48764092,0.5470867,0.589676,0.5819285,0.64929193
0.5,0.3375,0.4898203,0.47905084,0.48125264,0.47753704,0.54380673,0.57736754,0.5234853,0.5262757,0.48726735,0.5386492
0.5,0.3375,0.4898203,0.47905084,0.48125264,0.47753704,0.50412095,0.46795255,0.51653343,0.527804,0.4773606,0.52811086
0.5,0.3375,0.4898203,0.47905084,0.48125264,0.47753704,0.54372936,0.5281843,0.5358397,0.5042678,0.5044417,0.5950012
0.5,0.3375,0.4898203,0.47905084,0.48125264,0.47753704,0.5019739,0.48975873,0.50905156,0.48027197,0.5300361,0.5680411
0.5,0.3375,0.4898203,0.47905084,0.48125264,0.47753704,0.53619796,0.5101979,0.54439676,0.5521184,0.48047388,0.58430666
0.5,0.3375,0.4898203,0.47905084,0.48125264,0.47753704,0.59275234,0.57661116,0.5506557,0.57415926,0.47283754,0.55398685
0.5,0.3375,0.4898203,0.47905084,0.48125264,0.47753704,0.544016,0.5329658,0.5149949,0.52360654,0.4710898,0.53449637
0.5,0.3375,0.4898203,0.47905084,0.48125264,0.47753704,0.51696426,0.48615164,0.52127326,0.52949584,0.43880814,0.48343235
0.5,0.3375,0.4898203,0.47905084,0.48125264,0.47753704,0.48080266,0.46240163,0.5199168,0.51637673,0.46929365,0.49508613
0.7375,0.6375,0.4898203,0.47905084,0.48125264,0.47753704,0.596095,0.6188557,0.61526394,0.66015637,0.6724923,0.68764865
0.7375,0.6375,0.4898203,0.47905084,0.48125264,0.47753704,0.6139575,0.62955034,0.6269547,0.6547219,0.67360264,0.6368982
0.7375,0.6375,0.4898203,0.47905084,0.48125264,0.47753704,0.6231245,0.6557215,0.6018632,0.6520867,0.58481187,0.61375254
0.7375,0.6375,0.4898203,0.47905084,0.48125264,0.47753704,0.60384643,0.64989024,0.6083276,0.6586977,0.6201681,0.64429206
0.7375,0.6375,0.4898203,0.47905084,0.48125264,0.47753704,0.6227954,0.6450747,0.6081284,0.6562401,0.5870694,0.6188627
0.7375,0.6375,0.4898203,0.47905084,0.48125264,0.47753704,0.62872124,0.681821,0.60159576,0.65506417,0.599158,0.62959015
0.7375,0.6375,0.4898203,0.47905084,0.48125264,0.47753704,0.6322062,0.67747766,0.60330373,0.65758437,0.6335794,0.6587451
0.7375,0.6375,0.4898203,0.47905084,0.48125264,0.47753704,0.6292278,0.6457375,0.61867315,0.64537984,0.69265586,0.6858454
0.7375,0.6375,0.4898203,0.47905084,0.48125264,0.47753704,0.6315236,0.6209996,0.6389979,0.642318,0.7036792,0.69115263
0.8125,0.2875,0.4898203,0.47905084,0.48125264,0.47753704,0.63383317,0.6154384,0.682542,0.65632176,0.6283204,0.6537555
0.8125,0.2875,0.4898203,0.47905084,0.48125264,0.47753704,0.6243981,0.5976091,0.68679446,0.65353286,0.653831,0.6275633
0.8125,0.2875,0.4898203,0.47905084,0.48125264,0.47753704,0.62300014,0.59316486,0.68597114,0.6541357,0.64738923,0.6363899
0.8125,0.2875,0.4898203,0.47905084,0.48125264,0.47753704,0.6559422,0.6375664,0.67942554,0.6522702,0.66603243,0.64882517
0.8125,0.2875,0.4898203,0.47905084,0.48125264,0.47753704,0.6425194,0.61515146,0.69268155,0.6510716,0.69682914,0.67003185
0.8125,0.2875,0.4898203,0.47905084,0.48125264,0.47753704,0.6199693,0.58205956,0.69196737,0.6504241,0.6887113,0.6417743
0.8125,0.2875,0.4898203,0.47905084,0.48125264,0.47753704,0.6379211,0.6119826,0.6951284,0.650922,0.6666923,0.66170084
0.8125,0.2875,0.4898203,0.47905084,0.48125264,0.47753704,0.6441625,0.6326963,0.68384796,0.65564454,0.66769147,0.6648167
0.8125,0.2875,0.4898203,0.47905084,0.48125264,0.47753704,0.62138796,0.5869466,0.6875848,0.65419173,0.6521455,0.66582996
0.5125,0.625,0.4898203,0.47905084,0.48125264,0.47753704,0.44280934,0.43507332,0.44409162,0.44377536,0.5053742,0.47176248
0.5125,0.625,0.4898203,0.47905084,0.48125264,0.47753704,0.40592387,0.3854467,0.45485288,0.46886122,0.5611018,0.5505235
0.5125,0.625,0.4898203,0.47905084,0.48125264,0.47753704,0.48965785,0.49543023,0.45975974,0.49724498,0.57049316,0.5379974
0.5125,0.625,0.4898203,0.47905084,0.48125264,0.47753704,0.48372665,0.48610455,0.48443225,0.48199496,0.57207865,0.6027814
0.5125,0.625,0.4898203,0.47905084,0.48125264,0.47753704,0.48087,0.48799807,0.4562075,0.45819044,0.47694933,0.5104352
0.5125,0.625,0.4898203,0.47905084,0.48125264,0.47753704,0.4657697,0.45920652,0.5021485,0.5073868,0.4778733,0.56972766
0.5125,0.625,0.4898203,0.47905084,0.48125264,0.47753704,0.47532743,0.4569276,0.46358654,0.48565286,0.5290082,0.53717846
0.5125,0.625,0.4898203,0.47905084,0.48125264,0.47753704,0.47939253,0.4807114,0.46823668,0.5043927,0.5402481,0.572655
0.5125,0.625,0.4898203,0.47905084,0.48125264,0.47753704,0.48875654,0.48395067,0.4737223,0.5048504,0.49620247,0.5225952
0.2375,0.2625,0.4898203,0.47905084,0.48125264,0.47753704,0.3772302,0.33777562,0.34111106,0.35253137,0.32429376,0.39726123
0.2375,0.2625,0.4898203,0.47905084,0.48125264,0.47753704,0.36714825,0.30997062,0.33159372,0.33764964,0.32678196,0.37094232
0.2375,0.2625,0.4898203,0.47905084,0.48125264,0.47753704,0.35100704,0.29611346,0.3420974,0.35144228,0.26222736,0.377353
0.2375,0.2625,0.4898203,0.47905084,0.48125264,0.47753704,0.32241002,0.27855763,0.30431923,0.3183496,0.31957296,0.4091883
0.2375,0.2625,0.4898203,0.47905084,0.48125264,0.47753704,0.31434318,0.24553023,0.3002836,0.3146784,0.3281675,0.42929906
0.2375,0.2625,0.4898203,0.47905084,0.48125264,0.47753704,0.2978467,0.24333784,0.2968133,0.31010664,0.27418214,0.39598766
0.2375,0.2625,0.4898203,0.47905084,0.48125264,0.47753704,0.30371916,0.24317218,0.28483695,0.3061219,0.26829755,0.3922574
0.2375,0.2625,0.4898203,0.47905084,0.48125264,0.47753704,0.30580854,0.24785396,0.28370902,0.30456668,0.27032122,0.3472428
0.2375,0.2625,0.4898203,0.47905084,0.48125264,0.47753704,0.3993414,0.346321,0.29060787,0.31514847,0.276464,0.33533654
0.2375,0.4125,0.4898203,0.47905084,0.48125264,0.47753704,0.33522433,0.3355903,0.27839705,0.3574432,0.26219657,0.29246128
0.2375,0.4125,0.4898203,0.47905084,0.48125264,0.47753704,0.3313326,0.34311196,0.26055276,0.3291443,0.24076673,0.30843914
0.2375,0.4125,0.4898203,0.47905084,0.48125264,0.47753704,0.3288166,0.3471458,0.2728996,0.3411945,0.28816658,0.36618286
0.2375,0.4125,0.4898203,0.47905084,0.48125264,0.47753704,0.33491603,0.36576203,0.25982767,0.3245106,0.27549994,0.35189342
0.2375,0.4125,0.4898203,0.47905084,0.48125264,0.47753704,0.33716172,0.35570908,0.26901686,0.34302473,0.29106796,0.34045804
0.2375,0.4125,0.4898203,0.47905084,0.48125264,0.47753704,0.3482402,0.3811364,0.2611813,0.32898867,0.281424,0.33232135
0.2375,0.4125,0.4898203,0.47905084,0.48125264,0.47753704,0.3490031,0.36463088,0.2709038,0.35487157,0.2844077,0.3219993
0.2375,0.4125,0.4898203,0.47905084,0.48125264,0.47753704,0.3283202,0.35312265,0.26381975,0.33367962,0.26663876,0.32301095
0.2375,0.4125,0.4898203,0.47905084,0.48125264,0.47753704,0.3877638,0.43002766,0.27295506,0.33734345,0.3270929,0.34250435
0.675,0.3125,0.4898203,0.47905084,0.48125264,0.47753704,0.5206685,0.53912777,0.5587725,0.6098736,0.5638161,0.4340152
0.675,0.3125,0.4898203,0.47905084,0.48125264,0.47753704,0.53480613,0.5450855,0.579893,0.63506615,0.6191628,0.5638417
0.675,0.3125,0.4898203,0.47905084,0.48125264,0.47753704,0.54949725,0.55697507,0.5765075,0.6360971,0.5895113,0.61096656
0.675,0.3125,0.4898203,0.47905084,0.48125264,0.47753704,0.55581367,0.56845534,0.5916978,0.652951,0.6392155,0.5723104
0.675,0.3125,0.4898203,0.47905084,0.48125264,0.47753704,0.539453,0.5571447,0.57876384,0.6459814,0.5684141,0.52158713
0.675,0.3125,0.4898203,0.47905084,0.48125264,0.47753704,0.4856689,0.48211288,0.4854228,0.5167643,0.601845,0.5887957
0.675,0.3125,0.4898203,0.47905084,0.48125264,0.47753704,0.50202835,0.5091733,0.45394564,0.45779854,0.35830268,0.42927137
0.675,0.3125,0.4898203,0.47905084,0.48125264,0.47753704,0.4167359,0.41603878,0.50893295,0.503163,0.40390304,0.5030498
0.675,0.3125,0.4898203,0.47905084,0.48125264,0.47753704,0.4202904,0.40750247,0.48734725,0.50347483,0.42403233,0.46352068
0.575,0.6625,0.4898203,0.47905084,0.48125264,0.47753704,0.40016985,0.3899175,0.28157973,0.31516203,0.29715243,0.27612913
0.575,0.6625,0.4898203,0.47905084,0.48125264,0.47753704,0.36952746,0.36316985,0.33280283,0.36593902,0.27476326,0.32053888
0.575,0.6625,0.4898203,0.47905084,0.48125264,0.47753704,0.34483117,0.32990545,0.30271143,0.3136019,0.30815366,0.33493605
0.575,0.6625,0.4898203,0.47905084,0.48125264,0.47753704,0.4501692,0.4171912,0.32369643,0.39337954,0.35409045,0.40986803
0.575,0.6625,0.4898203,0.47905084,0.48125264,0.47753704,0.5235605,0.54126465,0.57033324,0.6260793,0.5733291,0.5933408
0.575,0.6625,0.4898203,0.47905084,0.48125264,0.47753704,0.50679857,0.4895442,0.5511397,0.5886063,0.6039958,0.64038086
0.575,0.6625,0.4898203,0.47905084,0.48125264,0.47753704,0.5137018,0.5077924,0.5548403,0.59358406,0.56064856,0.5851465
0.575,0.6625,0.4898203,0.47905084,0.48125264,0.47753704,0.50173664,0.47870958,0.5598637,0.5998643,0.4587983,0.53817093
0.575,0.6625,0.4898203,0.47905084,0.48125264,0.47753704,0.5226985,0.53413427,0.55453205,0.60007787,0.593077,0.6658616
0.5625,0.65,0.4898203,0.47905084,0.48125264,0.47753704,0.54794276,0.5758552,0.56505764,0.57571065,0.62085557,0.6129587
0.5625,0.65,0.4898203,0.47905084,0.48125264,0.47753704,0.55723435,0.54290944,0.57068276,0.6055175,0.5752177,0.5838588
0.5625,0.65,0.4898203,0.47905084,0.48125264,0.47753704,0.5377957,0.5260726,0.570526,0.59481883,0.62943417,0.6143063
0.5625,0.65,0.4898203,0.47905084,0.48125264,0.47753704,0.54299945,0.5372425,0.5787984,0.5942358,0.65671843,0.6384992
0.5625,0.65,0.4898203,0.47905084,0.48125264,0.47753704,0.56837,0.570098,0.57770795,0.6153833,0.5842486,0.60861015
0.5625,0.65,0.4898203,0.47905084,0.48125264,0.47753704,0.5357839,0.5325336,0.5539792,0.5781029,0.52563906,0.6127524
0.5625,0.65,0.4898203,0.47905084,0.48125264,0.47753704,0.63404286,0.6853338,0.5957136,0.6453318,0.64825654,0.6727055
0.5625,0.65,0.4898203,0.47905084,0.48125264,0.47753704,0.5651715,0.5657628,0.59512,0.6416209,0.6262133,0.6140955
0.5625,0.65,0.4898203,0.47905084,0.48125264,0.47753704,0.5383791,0.5486293,0.5998388,0.6467712,0.53670067,0.5815876
0.3375,0.45,0.4898203,0.47905084,0.48125264,0.47753704,0.3973157,0.39306062,0.38255486,0.4468569,0.31047305,0.3329747
0.3375,0.45,0.4898203,0.47905084,0.48125264,0.47753704,0.36119568,0.33591205,0.40296575,0.41838208,0.26811928,0.2678825
0.3375,0.45,0.4898203,0.47905084,0.48125264,0.47753704,0.41778213,0.39973414,0.4102594,0.4570269,0.27365336,0.3125
0.3375,0.45,0.4898203,0.47905084,0.48125264,0.47753704,0.46723282,0.4326319,0.44854915,0.4948233,0.38858402,0.42989734
0.3375,0.45,0.4898203,0.47905084,0.48125264,0.47753704,0.43823528,0.4170297,0.43559182,0.464197,0.38809568,0.47201326
0.3375,0.45,0.4898203,0.47905084,0.48125264,0.47753704,0.4157161,0.36536998,0.4317481,0.45595017,0.38437244,0.41735
0.3375,0.45,0.4898203,0.47905084,0.48125264,0.47753704,0.37857288,0.36394048,0.40354356,0.4587285,0.30901974,0.319554
0.3375,0.45,0.4898203,0.47905084,0.48125264,0.47753704,0.3971991,0.35942602,0.42109716,0.43580788,0.3788775,0.45400986
0.3375,0.45,0.4898203,0.47905084,0.48125264,0.47753704,0.4446451,0.41221073,0.44555032,0.5071907,0.3947829,0.4261259
0.325,0.4875,0.4898203,0.47905084,0.48125264,0.47753704,0.3895064,0.42125112,0.37523407,0.43815202,0.38868684,0.38327244
0.325,0.4875,0.4898203,0.47905084,0.48125264,0.47753704,0.34716117,0.33313584,0.30546796,0.363187,0.32325605,0.3506224
0.325,0.4875,0.4898203,0.47905084,0.48125264,0.47753704,0.301637,0.2662295,0.27178985,0.28803948,0.24015737,0.3144584
0.325,0.4875,0.4898203,0.47905084,0.48125264,0.47753704,0.3185841,0.267189,0.29024717,0.2910173,0.23847532,0.29869667
0.325,0.4875,0.4898203,0.47905084,0.48125264,0.47753704,0.40453905,0.33444363,0.29244137,0.23985201,0.20937145,0.28820312
0.325,0.4875,0.4898203,0.47905084,0.48125264,0.47753704,0.3496431,0.33584645,0.3030149,0.3055827,0.18240875,0.26470846
0.325,0.4875,0.4898203,0.47905084,0.48125264,0.47753704,0.34473863,0.33420774,0.3249898,0.33948523,0.20841873,0.29647774
0.325,0.4875,0.4898203,0.47905084,0.48125264,0.47753704,0.34140283,0.29433107,0.3128375,0.2996576,0.19335145,0.22537409
0.325,0.4875,0.4898203,0.47905084,0.48125264,0.47753704,0.34125024,0.24116084,0.28661555,0.20491996,0.17438446,0.21143648
0.5375,0.5875,0.4898203,0.47905084,0.48125264,0.47753704,0.50166833,0.5616315,0.45823336,0.5132845,0.52091604,0.5411557
0.5375,0.5875,0.4898203,0.47905084,0.48125264,0.47753704,0.45568776,0.4474373,0.43924743,0.49094623,0.53451496,0.5946701
0.5375,0.5875,0.4898203,0.47905084,0.48125264,0.47753704,0.46540758,0.4622501,0.4431544,0.49414966,0.5090116,0.55052865
0.5375,0.5875,0.4898203,0.47905084,0.48125264,0.47753704,0.45242038,0.44426155,0.4350522,0.48508984,0.435339,0.48831752
0.5375,0.5875,0.4898203,0.47905084,0.48125264,0.47753704,0.46489662,0.47472793,0.45922792,0.5168778,0.54836565,0.5324712
0.5375,0.5875,0.4898203,0.47905084,0.48125264,0.47753704,0.46970206,0.49406523,0.45173427,0.50632524,0.44836548,0.5042074
0.5375,0.5875,0.4898203,0.47905084,0.48125264,0.47753704,0.49267548,0.49498135,0.4604745,0.5114504,0.39776227,0.45111462
0.5375,0.5875,0.4898203,0.47905084,0.48125264,0.47753704,0.4353072,0.43695748,0.39517665,0.43915248,0.4630931,0.45734504
0.5375,0.5875,0.4898203,0.47905084,0.48125264,0.47753704,0.48486018,0.49814892,0.39774317,0.42964134,0.3692532,0.44536635
0.475,0.6125,0.4898203,0.47905084,0.48125264,0.47753704,0.4652261,0.46694064,0.4656561,0.49900776,0.49971917,0.50671244
0.475,0.6125,0.4898203,0.47905084,0.48125264,0.47753704,0.4991681,0.48465288,0.49881956,0.5216954,0.49221376,0.52216905
0.475,0.6125,0.4898203,0.47905084,0.48125264,0.47753704,0.5518849,0.538785,0.51606643,0.555978,0.5500314,0.5692208
0.475,0.6125,0.4898203,0.47905084,0.48125264,0.47753704,0.57985497,0.5716201,0.5328858,0.5336738,0.6481656,0.6199216
0.475,0.6125,0.4898203,0.47905084,0.48125264,0.47753704,0.49439418,0.4873842,0.4593529,0.46548063,0.47043484,0.5143599
0.475,0.6125,0.4898203,0.47905084,0.48125264,0.47753704,0.47669494,0.4710797,0.48730567,0.51737213,0.45961583,0.5110229
0.475,0.6125,0.4898203,0.47905084,0.48125264,0.47753704,0.48537225,0.45134842,0.55516666,0.58029693,0.58910656,0.5374871
0.475,0.6125,0.4898203,0.47905084,0.48125264,0.47753704,0.56978357,0.56892174,0.566237,0.6009124,0.52869964,0.5747513
0.475,0.6125,0.4898203,0.47905084,0.48125264,0.47753704,0.5521814,0.554997,0.5542759,0.59411937,0.52556914,0.5867631
0.65,0.5,0.4898203,0.47905084,0.48125264,0.47753704,0.627197,0.6413542,0.63423645,0.64320445,0.6191851,0.6066288
0.65,0.5,0.4898203,0.47905084,0.48125264,0.47753704,0.60634524,0.58067447,0.63858056,0.63634914,0.62020004,0.5965744
0.65,0.5,0.4898203,0.47905084,0.48125264,0.47753704,0.56142384,0.5450477,0.6317178,0.63536227,0.5533086,0.53988844
0.65,0.5,0.4898203,0.47905084,0.48125264,0.47753704,0.534083,0.507982,0.5529126,0.5571295,0.4797631,0.49909988
0.65,0.5,0.4898203,0.47905084,0.48125264,0.47753704,0.6248418,0.6160058,0.6292093,0.6358646,0.5198168,0.475827
0.65,0.5,0.4898203,0.47905084,0.48125264,0.47753704,0.5536765,0.52617115,0.61917526,0.6184641,0.46160093,0.4954589
0.65,0.5,0.4898203,0.47905084,0.48125264,0.47753704,0.5568843,0.52344227,0.61918,0.6313637,0.609891,0.62845063
0.65,0.5,0.4898203,0.47905084,0.48125264,0.47753704,0.56776553,0.5523146,0.6141844,0.62086225,0.4403631,0.5427644
0.65,0.5,0.4898203,0.47905084,0.48125264,0.47753704,0.6250231,0.61507046,0.64121175,0.6474372,0.5408092,0.59158057
0.3375,0.425,0.4898203,0.47905084,0.48125264,0.47753704,0.39525023,0.38519102,0.3085651,0.2929191,0.31223935,0.29943174
0.3375,0.425,0.4898203,0.47905084,0.48125264,0.47753704,0.3610416,0.34035245,0.3055907,0.27640802,0.24926022,0.34704524
0.3375,0.425,0.4898203,0.47905084,0.48125264,0.47753704,0.32422888,0.285916,0.35381505,0.2863362,0.23832363,0.26933768
0.3375,0.425,0.4898203,0.47905084,0.48125264,0.47753704,0.35196385,0.33301866,0.37419003,0.30303437,0.27965316,0.31575477
0.3375,0.425,0.4898203,0.47905084,0.48125264,0.47753704,0.34114486,0.3019364,0.37079722,0.3059911,0.24745497,0.27835858
0.3375,0.425,0.4898203,0.47905084,0.48125264,0.47753704,0.3487932,0.34558797,0.36901444,0.32317945,0.28728962,0.29440972
0.3375,0.425,0.4898203,0.47905084,0.48125264,0.47753704,0.37939727,0.34699622,0.3859445,0.36402625,0.28887933,0.30739057
0.3375,0.425,0.4898203,0.47905084,0.48125264,0.47753704,0.4232735,0.41603786,0.39728206,0.4161034,0.2403307,0.33663294
0.3375,0.425,0.4898203,0.47905084,0.48125264,0.47753704,0.38408798,0.35275555,0.39797157,0.42713264,0.30522537,0.38424864
0.6,0.65,0.4898203,0.47905084,0.48125264,0.47753704,0.5023904,0.4990111,0.55923414,0.61534965,0.59503806,0.6211003
0.6,0.65,0.4898203,0.47905084,0.48125264,0.47753704,0.52052236,0.51175445,0.5671526,0.6134386,0.57825434,0.60701764
0.6,0.65,0.4898203,0.47905084,0.48125264,0.47753704,0.39170352,0.37483296,0.4223141,0.465272,0.431599,0.5542325
0.6,0.65,0.4898203,0.47905084,0.48125264,0.47753704,0.5414975,0.5494025,0.5607739,0.6133442,0.58365184,0.6020896
0.6,0.65,0.4898203,0.47905084,0.48125264,0.47753704,0.5134164,0.48978078,0.5370278,0.5787638,0.5157474,0.6010624
0.6,0.65,0.4898203,0.47905084,0.48125264,0.47753704,0.4849527,0.47449785,0.46940878,0.51314646,0.48013896,0.61463535
0.6,0.65,0.4898203,0.47905084,0.48125264,0.47753704,0.55948395,0.59854686,0.57690287,0.6238457,0.59339046,0.63515794
0.6,0.65,0.4898203,0.47905084,0.48125264,0.47753704,0.6135478,0.6239982,0.5715085,0.6149664,0.5519163,0.6011237
0.6,0.65,0.4898203,0.47905084,0.48125264,0.47753704,0.5592822,0.58590734,0.5950982,0.652588,0.64141893,0.66247684
0.15,0.3125,0.4898203,0.47905084,0.48125264,0.47753704,0.3883,0.36308515,0.298584,0.3023113,0.2668653,0.37399876
0.15,0.3125,0.4898203,0.47905084,0.48125264,0.47753704,0.36579314,0.31657273,0.29275966,0.28621793,0.24129003,0.29242092
0.15,0.3125,0.4898203,0.47905084,0.48125264,0.47753704,0.43485332,0.40164682,0.3136067,0.31221655,0.28016776,0.37642655
0.15,0.3125,0.4898203,0.47905084,0.48125264,0.47753704,0.38880098,0.3303311,0.31179273,0.3134752,0.2631512,0.3243546
0.15,0.3125,0.4898203,0.47905084,0.48125264,0.47753704,0.34079263,0.28683093,0.28870872,0.27645087,0.26036143,0.32481745
0.15,0.3125,0.4898203,0.47905084,0.48125264,0.47753704,0.35227495,0.3109652,0.2873801,0.2946894,0.21019143,0.28777924
0.15,0.3125,0.4898203,0.47905084,0.48125264,0.47753704,0.37583604,0.33989847,0.28474516,0.28644648,0.24081954,0.31768736
0.15,0.3125,0.4898203,0.47905084,0.48125264,0.47753704,0.37593955,0.34652978,0.28459927,0.28744522,0.22079194,0.3144145
0.15,0.3125,0.4898203,0.47905084,0.48125264,0.47753704,0.40243757,0.372125,0.3030005,0.31111875,0.2734,0.38179445
0.4875,0.55,0.4898203,0.47905084,0.48125264,0.47753704,0.39965054,0.3974497,0.3903339,0.42607188,0.3150954,0.38057452
0.4875,0.55,0.4898203,0.47905084,0.48125264,0.47753704,0.40360653,0.3727505,0.37497616,0.40914458,0.26654792,0.3310772
0.4875,0.55,0.4898203,0.47905084,0.48125264,0.47753704,0.3407354,0.2796087,0.35557553,0.37458813,0.3050866,0.3962898
0.4875,0.55,0.4898203,0.47905084,0.48125264,0.47753704,0.36586815,0.3492922,0.35335797,0.40347016,0.26640087,0.37068585
0.4875,0.55,0.4898203,0.47905084,0.48125264,0.47753704,0.38898265,0.3859812,0.4047101,0.5039776,0.2826124,0.40276515
0.4875,0.55,0.4898203,0.47905084,0.48125264,0.47753704,0.3481865,0.35154414,0.40238684,0.49520966,0.36659738,0.46179774
0.4875,0.55,0.4898203,0.47905084,0.48125264,0.47753704,0.42630726,0.44910407,0.38434398,0.46094736,0.30025098,0.3887781
0.4875,0.55,0.4898203,0.47905084,0.48125264,0.47753704,0.39601934,0.38997078,0.44010663,0.5400344,0.34302858,0.45487857
0.4875,0.55,0.4898203,0.47905084,0.48125264,0.47753704,0.4600005,0.48831183,0.44073445,0.57048064,0.2839933,0.34401667
0.6875,0.6125,0.4898203,0.47905084,0.48125264,0.47753704,0.58759904,0.5757127,0.5942366,0.61996114,0.5002424,0.56166977
0.6875,0.6125,0.4898203,0.47905084,0.48125264,0.47753704,0.60707355,0.586164,0.5923418,0.6222882,0.45635572,0.5331632
0.6875,0.6125,0.4898203,0.47905084,0.48125264,0.47753704,0.591053,0.5651673,0.6061957,0.62811357,0.5166824,0.59249276
0.6875,0.6125,0.4898203,0.47905084,0.48125264,0.47753704,0.5790658,0.5588762,0.6042484,0.64186424,0.46276057,0.54426986
0.6875,0.6125,0.4898203,0.47905084,0.48125264,0.47753704,0.5782188,0.55236846,0.59527993,0.6134486,0.46068767,0.5482031
0.6875,0.6125,0.4898203,0.47905084,0.48125264,0.47753704,0.556088,0.5338164,0.5962715,0.6330784,0.4096372,0.5168035
0.6875,0.6125,0.4898203,0.47905084,0.48125264,0.47753704,0.5839026,0.5373976,0.5837827,0.56530774,0.3855156,0.489655
0.6875,0.6125,0.4898203,0.47905084,0.48125264,0.47753704,0.50783885,0.44643986,0.58575433,0.5359138,0.4175377,0.5277189
0.6875,0.6125,0.4898203,0.47905084,0.48125264,0.47753704,0.5298516,0.47336072,0.58247405,0.5203707,0.37093332,0.46665317
0.375,0.5875,0.4898203,0.47905084,0.48125264,0.47753704,0.4173684,0.40711796,0.45733052,0.5148864,0.4010262,0.48329532
0.375,0.5875,0.4898203,0.47905084,0.48125264,0.47753704,0.4662218,0.49939966,0.46755192,0.52228665,0.35936916,0.43397978
0.375,0.5875,0.4898203,0.47905084,0.48125264,0.47753704,0.44249964,0.43283004,0.45544887,0.5064244,0.35156366,0.444269
0.375,0.5875,0.4898203,0.47905084,0.48125264,0.47753704,0.40059522,0.36541283,0.44757217,0.49382162,0.32623047,0.45770204
0.375,0.5875,0.4898203,0.47905084,0.48125264,0.47753704,0.41570568,0.38711947,0.44298568,0.49320665,0.3445453,0.42058986
0.375,0.5875,0.4898203,0.47905084,0.48125264,0.47753704,0.38002777,0.33812302,0.46334535,0.518602,0.35741308,0.4729291
0.375,0.5875,0.4898203,0.47905084,0.48125264,0.47753704,0.4771056,0.48754966,0.45427904,0.5045862,0.34891206,0.4480169
0.375,0.5875,0.4898203,0.47905084,0.48125264,0.47753704,0.4462394,0.45703417,0.46196318,0.52347594,0.3485697,0.45239112
0.375,0.5875,0.4898203,0.47905084,0.48125264,0.47753704,0.47468317,0.49510145,0.4679321,0.5298606,0.3680845,0.44153485
0.475,0.475,0.4898203,0.47905084,0.48125264,0.47753704,0.36413753,0.3178488,0.42449814,0.4548889,0.38495052,0.3147113
0.475,0.475,0.4898203,0.47905084,0.48125264,0.47753704,0.3562131,0.32070434,0.423654,0.45906806,0.3149102,0.36764103
0.475,0.475,0.4898203,0.47905084,0.48125264,0.47753704,0.42381436,0.38423675,0.48439068,0.50210017,0.5329161,0.5113748
0.475,0.475,0.4898203,0.47905084,0.48125264,0.47753704,0.5026367,0.5121157,0.5176407,0.569708,0.5906577,0.57083374
0.475,0.475,0.4898203,0.47905084,0.48125264,0.47753704,0.4770137,0.48081702,0.5114742,0.5617413,0.52561593,0.5304654
0.475,0.475,0.4898203,0.47905084,0.48125264,0.47753704,0.47190887,0.47247493,0.46900105,0.52346325,0.5172483,0.5285908
0.475,0.475,0.4898203,0.47905084,0.48125264,0.47753704,0.44603524,0.44949532,0.45298266,0.51123965,0.62236416,0.64376235
0.475,0.475,0.4898203,0.47905084,0.48125264,0.47753704,0.4904989,0.5102797,0.4563783,0.5100324,0.50805634,0.53514075
0.475,0.475,0.4898203,0.47905084,0.48125264,0.47753704,0.49256343,0.50962067,0.4560118,0.49952933,0.52793056,0.57356256
0.525,0.65,0.4898203,0.47905084,0.48125264,0.47753704,0.54594445,0.52081645,0.62037987,0.64275646,0.5488985,0.5842212
0.525,0.65,0.4898203,0.47905084,0.48125264,0.47753704,0.576038,0.5750182,0.6296652,0.6502639,0.5997678,0.60193104
0.525,0.65,0.4898203,0.47905084,0.48125264,0.47753704,0.6177353,0.6054361,0.6497049,0.67330104,0.599179,0.6217882
0.525,0.65,0.4898203,0.47905084,0.48125264,0.47753704,0.62495494,0.62181383,0.6583165,0.6794975,0.6407993,0.64631194
0.525,0.65,0.4898203,0.47905084,0.48125264,0.47753704,0.62192386,0.63606864,0.6553046,0.6796596,0.67492294,0.64738834
0.525,0.65,0.4898203,0.47905084,0.48125264,0.47753704,0.60014725,0.5870271,0.65607274,0.68246454,0.6638316,0.6459041
0.525,0.65,0.4898203,0.47905084,0.48125264,0.47753704,0.6498314,0.66432136,0.6449399,0.6849497,0.64054036,0.64555204
0.525,0.65,0.4898203,0.47905084,0.48125264,0.47753704,0.6384654,0.66688627,0.63511765,0.6785798,0.6244489,0.64190096
0.525,0.65,0.4898203,0.47905084,0.48125264,0.47753704,0.6728481,0.676821,0.62275016,0.65207136,0.61829233,0.6200828
0.6,0.5125,0.4898203,0.47905084,0.48125264,0.47753704,0.56267357,0.6138237,0.5214549,0.5417134,0.5439601,0.5709181
0.6,0.5125,0.4898203,0.47905084,0.48125264,0.47753704,0.5468455,0.5838102,0.49984524,0.5428175,0.50011253,0.5466705
0.6,0.5125,0.4898203,0.47905084,0.48125264,0.47753704,0.52613837,0.5688012,0.5072776,0.5622912,0.5817585,0.59854364
0.6,0.5125,0.4898203,0.47905084,0.48125264,0.47753704,0.51663154,0.5438524,0.4888633,0.5437263,0.545404,0.5536297
0.6,0.5125,0.4898203,0.47905084,0.48125264,0.47753704,0.54400885,0.57238734,0.4909848,0.559641,0.56964487,0.6510422
0.6,0.5125,0.4898203,0.47905084,0.48125264,0.47753704,0.5086698,0.5009857,0.4649912,0.5189211,0.5987767,0.6448095
0.6,0.5125,0.4898203,0.47905084,0.48125264,0.47753704,0.5246215,0.5483082,0.5171033,0.5603875,0.5623022,0.5204843
0.6,0.5125,0.4898203,0.47905084,0.48125264,0.47753704,0.5532599,0.5815833,0.5491563,0.58707696,0.6259159,0.6237218
0.6,0.5125,0.4898203,0.47905084,0.48125264,0.47753704,0.5697626,0.5672567,0.56063294,0.57996315,0.627827,0.6261693
0.3625,0.2375,0.4898203,0.47905084,0.48125264,0.47753704,0.49082428,0.4612453,0.4916756,0.43725514,0.3783165,0.3477574
0.3625,0.2375,0.4898203,0.47905084,0.48125264,0.47753704,0.41312003,0.3645815,0.44330516,0.38834438,0.35203516,0.2824136
0.3625,0.2375,0.4898203,0.47905084,0.48125264,0.47753704,0.44929928,0.4021176,0.4790569,0.4289379,0.42323378,0.37542427
0.3625,0.2375,0.4898203,0.47905084,0.48125264,0.47753704,0.43301666,0.38904095,0.4509505,0.40706378,0.38502717,0.33398554
0.3625,0.2375,0.4898203,0.47905084,0.48125264,0.47753704,0.44180053,0.40059936,0.47585493,0.43656838,0.4158699,0.34646198
0.3625,0.2375,0.4898203,0.47905084,0.48125264,0.47753704,0.47009078,0.42900205,0.45260444,0.42760995,0.35542858,0.3190682
0.3625,0.2375,0.4898203,0.47905084,0.48125264,0.47753704,0.47453195,0.44213796,0.4978714,0.44239694,0.4408026,0.38394573
0.3625,0.2375,0.4898203,0.47905084,0.48125264,0.47753704,0.44927067,0.4063177,0.46321067,0.4002304,0.34470826,0.3308975
0.3625,0.2375,0.4898203,0.47905084,0.48125264,0.47753704,0.38354486,0.32338876,0.40464225,0.37900224,0.32880273,0.28052616
0.7875,0.2875,0.4898203,0.47905084,0.48125264,0.47753704,0.5838979,0.591297,0.6111448,0.6522075,0.63446003,0.5777589
0.7875,0.2875,0.4898203,0.47905084,0.48125264,0.47753704,0.589335,0.6060843,0.6265027,0.65101045,0.60040456,0.51764244
0.7875,0.2875,0.4898203,0.47905084,0.48125264,0.47753704,0.57188344,0.57598966,0.62893844,0.65224934,0.61506337,0.5460314
0.7875,0.2875,0.4898203,0.47905084,0.48125264,0.47753704,0.55377376,0.55182326,0.6105309,0.64674085,0.613392,0.57472986
0.7875,0.2875,0.4898203,0.47905084,0.48125264,0.47753704,0.5753157,0.5771784,0.6285888,0.6477239,0.56263953,0.5205969
0.7875,0.2875,0.4898203,0.47905084,0.48125264,0.47753704,0.5789588,0.5910995,0.60850984,0.64426637,0.6311977,0.6067448
0.7875,0.2875,0.4898203,0.47905084,0.48125264,0.47753704,0.5830548,0.59496474,0.62790036,0.64942896,0.648126,0.6351044
0.7875,0.2875,0.4898203,0.47905084,0.48125264,0.47753704,0.57799965,0.5915069,0.62401205,0.64982015,0.5901049,0.616768
0.7875,0.2875,0.4898203,0.47905084,0.48125264,0.47753704,0.5973841,0.6295894,0.6146288,0.64968336,0.59566057,0.618109
0.4875,0.4125,0.4898203,0.47905084,0.48125264,0.47753704,0.43728268,0.40398186,0.31519213,0.32175463,0.39663354,0.42269018
0.4875,0.4125,0.4898203,0.47905084,0.48125264,0.47753704,0.46820092,0.4834864,0.28027898,0.35361153,0.45229763,0.5201104
0.4875,0.4125,0.4898203,0.47905084,0.48125264,0.47753704,0.43500125,0.4237633,0.27788994,0.36293817,0.49244767,0.5744862
0.4875,0.4125,0.4898203,0.47905084,0.48125264,0.47753704,0.37951526,0.4114923,0.29773724,0.3787098,0.47717252,0.54465616
0.4875,0.4125,0.4898203,0.47905084,0.48125264,0.47753704,0.39584276,0.44109172,0.29516482,0.37365776,0.4555195,0.5457732
0.4875,0.4125,0.4898203,0.47905084,0.48125264,0.47753704,0.33925626,0.35804737,0.28713202,0.36942178,0.4972352,0.5538579
0.4875,0.4125,0.4898203,0.47905084,0.48125264,0.47753704,0.43995035,0.43963462,0.28655255,0.3692431,0.45352414,0.5449118
0.4875,0.4125,0.4898203,0.47905084,0.48125264,0.47753704,0.48197687,0.45192188,0.3830968,0.4156302,0.418111,0.51424336
0.4875,0.4125,0.4898203,0.47905084,0.48125264,0.47753704,0.52925926,0.4905758,0.42707407,0.4412564,0.45038533,0.54474974
0.4875,0.5875,0.4898203,0.47905084,0.48125264,0.47753704,0.36368275,0.3635621,0.38242632,0.34858856,0.32769573,0.33830196
0.4875,0.5875,0.4898203,0.47905084,0.48125264,0.47753704,0.3458804,0.3099771,0.389457,0.3364944,0.40650097,0.3928687
0.4875,0.5875,0.4898203,0.47905084,0.48125264,0.47753704,0.38434145,0.37502158,0.39498663,0.3357605,0.37561652,0.4103966
0.4875,0.5875,0.4898203,0.47905084,0.48125264,0.47753704,0.32052577,0.26451084,0.3952738,0.34430563,0.2599315,0.2726474
0.4875,0.5875,0.4898203,0.47905084,0.48125264,0.47753704,0.35376498,0.31941283,0.39309654,0.35707593,0.37111303,0.3887778
0.4875,0.5875,0.4898203,0.47905084,0.48125264,0.47753704,0.32988274,0.28346297,0.3977905,0.35272828,0.2927245,0.2110172
0.4875,0.5875,0.4898203,0.47905084,0.48125264,0.47753704,0.3494904,0.31924793,0.39149836,0.3395586,0.3218792,0.31243482
0.4875,0.5875,0.4898203,0.47905084,0.48125264,0.47753704,0.34229085,0.2856511,0.39218423,0.35729998,0.41358724,0.40852758
0.4875,0.5875,0.4898203,0.47905084,0.48125264,0.47753704,0.34440625,0.301337,0.38439745,0.34459156,0.3714523,0.3325275
0.65,0.2125,0.4898203,0.47905084,0.48125264,0.47753704,0.39510804,0.4231662,0.4254372,0.44828564,0.3443657,0.43423715
0.65,0.2125,0.4898203,0.47905084,0.48125264,0.47753704,0.58140653,0.59919935,0.5399487,0.55057925,0.49778727,0.5196661
0.65,0.2125,0.4898203,0.47905084,0.48125264,0.47753704,0.50169694,0.48121572,0.52387935,0.5316594,0.40045023,0.45108554
0.65,0.2125,0.4898203,0.47905084,0.48125264,0.47753704,0.48899418,0.47554737,0.44676274,0.46362793,0.292648,0.34000474
0.65,0.2125,0.4898203,0.47905084,0.48125264,0.47753704,0.43266034,0.39823335,0.5046068,0.48894483,0.3955902,0.45495898
0.65,0.2125,0.4898203,0.47905084,0.48125264,0.47753704,0.46058676,0.43725425,0.46730387,0.45852017,0.37263072,0.42963296
0.65,0.2125,0.4898203,0.47905084,0.48125264,0.47753704,0.4667342,0.44544303,0.4612276,0.46177006,0.40490648,0.42517406
0.65,0.2125,0.4898203,0.47905084,0.48125264,0.47753704,0.48827532,0.47944814,0.53971267,0.5384722,0.40948606,0.4816802
0.65,0.2125,0.4898203,0.47905084,0.48125264,0.47753704,0.5715886,0.5898428,0.58908224,0.62116516,0.6145535,0.63853014
0.7625,0.6875,0.4898203,0.47905084,0.48125264,0.47753704,0.553128,0.5644376,0.57259905,0.62678635,0.5679014,0.5157401
0.7625,0.6875,0.4898203,0.47905084,0.48125264,0.47753704,0.5406314,0.5232453,0.553737,0.6042173,0.6258005,0.5760222
0.7625,0.6875,0.4898203,0.47905084,0.48125264,0.47753704,0.53736997,0.5308746,0.5512097,0.6065801,0.63080084,0.57935363
0.7625,0.6875,0.4898203,0.47905084,0.48125264,0.47753704,0.53685266,0.5530678,0.5782387,0.63398874,0.6072523,0.56599224
0.7625,0.6875,0.4898203,0.47905084,0.48125264,0.47753704,0.5523721,0.5764767,0.56548405,0.62504125,0.68442434,0.6603868
0.7625,0.6875,0.4898203,0.47905084,0.48125264,0.47753704,0.51795244,0.51997817,0.56617785,0.62524724,0.6104058,0.55959624
0.7625,0.6875,0.4898203,0.47905084,0.48125264,0.47753704,0.5261565,0.522645,0.56545925,0.61885446,0.61699575,0.5902889
0.7625,0.6875,0.4898203,0.47905084,0.48125264,0.47753704,0.5429257,0.5498157,0.55359244,0.6019849,0.65068805,0.62976646
0.7625,0.6875,0.4898203,0.47905084,0.48125264,0.47753704,0.53495336,0.52849627,0.5422998,0.59216225,0.5359405,0.4547995
0.1625,0.225,0.4898203,0.47905084,0.48125264,0.47753704,0.3454294,0.35581654,0.36706907,0.27089316,0.22845036,0.22369139
0.1625,0.225,0.4898203,0.47905084,0.48125264,0.47753704,0.33877528,0.32694831,0.37012464,0.2692694,0.23493445,0.275485
0.1625,0.225,0.4898203,0.47905084,0.48125264,0.47753704,0.32005078,0.29238963,0.36523324,0.26127458,0.23039454,0.25074682
0.1625,0.225,0.4898203,0.47905084,0.48125264,0.47753704,0.32501107,0.30994436,0.36782488,0.26854178,0.23597127,0.24296424
0.1625,0.225,0.4898203,0.47905084,0.48125264,0.47753704,0.33529496,0.33228642,0.3710069,0.26490766,0.25072032,0.24851769
0.1625,0.225,0.4898203,0.47905084,0.48125264,0.47753704,0.3265279,0.32492387,0.3672424,0.26763934,0.24862936,0.2790076
0.1625,0.225,0.4898203,0.47905084,0.48125264,0.47753704,0.3371178,0.31691685,0.37394685,0.26688063,0.25582895,0.288553
0.1625,0.225,0.4898203,0.47905084,0.48125264,0.47753704,0.36248165,0.33745456,0.38287497,0.27416214,0.24153352,0.23709022
0.1625,0.225,0.4898203,0.47905084,0.48125264,0.47753704,0.35115838,0.32709035,0.38374466,0.27325633,0.2329028,0.20609896
0.5625,0.5125,0.4898203,0.47905084,0.48125264,0.47753704,0.52946603,0.51095706,0.57243884,0.6086776,0.62352514,0.46246827
0.5625,0.5125,0.4898203,0.47905084,0.48125264,0.47753704,0.5197687,0.4955737,0.5632252,0.59617764,0.5773832,0.42392617
0.5625,0.5125,0.4898203,0.47905084,0.48125264,0.47753704,0.51036835,0.47842622,0.5734765,0.6055004,0.6428192,0.5017669
0.5625,0.5125,0.4898203,0.47905084,0.48125264,0.47753704,0.51633406,0.49425673,0.58454514,0.6221294,0.49215055,0.43454087
0.5625,0.5125,0.4898203,0.47905084,0.48125264,0.47753704,0.51543045,0.49092913,0.5903369,0.6245667,0.61882377,0.535859
0.5625,0.5125,0.4898203,0.47905084,0.48125264,0.47753704,0.4986447,0.482399,0.5583109,0.5920779,0.5431415,0.3825017
0.5625,0.5125,0.4898203,0.47905084,0.48125264,0.47753704,0.51366365,0.50779396,0.52768666,0.568528,0.5381065,0.52224886
0.5625,0.5125,0.4898203,0.47905084,0.48125264,0.47753704,0.5534177,0.5321366,0.6087009,0.63039297,0.60164136,0.42735225
0.5625,0.5125,0.4898203,0.47905084,0.48125264,0.47753704,0.6002371,0.5748452,0.6801826,0.6467186,0.6028089,0.42480853
0.3625,0.6375,0.4898203,0.47905084,0.48125264,0.47753704,0.33113104,0.27000976,0.31097168,0.27929288,0.30014685,0.3334267
0.3625,0.6375,0.4898203,0.47905084,0.48125264,0.47753704,0.36407512,0.29435915,0.31580767,0.28145424,0.27819788,0.28622842
0.3625,0.6375,0.4898203,0.47905084,0.48125264,0.47753704,0.37477976,0.2997216,0.31658807,0.28582925,0.2562583,0.2875227
0.3625,0.6375,0.4898203,0.47905084,0.48125264,0.47753704,0.3620547,0.28196764,0.31925854,0.30891564,0.3093582,0.39710218
0.3625,0.6375,0.4898203,0.47905084,0.48125264,0.47753704,0.3600793,0.3131617,0.30592555,0.29297155,0.2694836,0.33238667
0.3625,0.6375,0.4898203,0.47905084,0.48125264,0.47753704,0.40268266,0.35577935,0.3078128,0.31255338,0.34572348,0.35548693
0.3625,0.6375,0.4898203,0.47905084,0.48125264,0.47753704,0.44070563,0.42151007,0.38466865,0.39907217,0.420656,0.48182175
0.3625,0.6375,0.4898203,0.47905084,0.48125264,0.47753704,0.38108298,0.34560943,0.3267185,0.35383785,0.35673442,0.43679357
0.3625,0.6375,0.4898203,0.47905084,0.48125264,0.47753704,0.45624316,0.42518368,0.36765328,0.3511724,0.30945435,0.41151056
0.2625,0.3125,0.4898203,0.47905084,0.48125264,0.47753704,0.3913511,0.38099393,0.25627604,0.2751231,0.2639154,0.22353129
0.2625,0.3125,0.4898203,0.47905084,0.48125264,0.47753704,0.35274646,0.32339478,0.27203715,0.29611257,0.2509066,0.3032805
0.2625,0.3125,0.4898203,0.47905084,0.48125264,0.47753704,0.33430526,0.29169068,0.30118665,0.3379882,0.20061332,0.2590215
0.2625,0.3125,0.4898203,0.47905084,0.48125264,0.47753704,0.3823321,0.37576073,0.27750707,0.29197878,0.1853117,0.20246974
0.2625,0.3125,0.4898203,0.47905084,0.48125264,0.47753704,0.3316184,0.307013,0.26340193,0.2704331,0.2135824,0.2448067
0.2625,0.3125,0.4898203,0.47905084,0.48125264,0.47753704,0.3735579,0.3596171,0.2955234,0.3131327,0.17888863,0.25161514
0.2625,0.3125,0.4898203,0.47905084,0.48125264,0.47753704,0.4415874,0.4386387,0.3608212,0.38428864,0.24935773,0.31849727
0.2625,0.3125,0.4898203,0.47905084,0.48125264,0.47753704,0.4258589,0.41831255,0.3919307,0.44105825,0.2771758,0.31380692
0.2625,0.3125,0.4898203,0.47905084,0.48125264,0.47753704,0.42266864,0.38035643,0.3634929,0.39595747,0.2592975,0.30069527
0.675,0.7125,0.4898203,0.47905084,0.48125264,0.47753704,0.5382985,0.55388355,0.56443393,0.61392224,0.51691544,0.57389504
0.675,0.7125,0.4898203,0.47905084,0.48125264,0.47753704,0.6100683,0.6088328,0.62204593,0.62720597,0.61177486,0.6209037
0.675,0.7125,0.4898203,0.47905084,0.48125264,0.47753704,0.59234387,0.60061413,0.61979747,0.6230136,0.5489305,0.56716925
0.675,0.7125,0.4898203,0.47905084,0.48125264,0.47753704,0.5573473,0.53355455,0.5886911,0.6178284,0.49522477,0.55066466
0.675,0.7125,0.4898203,0.47905084,0.48125264,0.47753704,0.51571345,0.49244028,0.5863559,0.62918496,0.55207723,0.58569777
0.675,0.7125,0.4898203,0.47905084,0.48125264,0.47753704,0.5909413,0.5578131,0.63975066,0.6282827,0.5740448,0.59050393
0.675,0.7125,0.4898203,0.47905084,0.48125264,0.47753704,0.5760715,0.55427915,0.6292829,0.63156164,0.54802966,0.5962627
0.675,0.7125,0.4898203,0.47905084,0.48125264,0.47753704,0.49315363,0.49962097,0.5354481,0.5828793,0.47147733,0.53396916
0.675,0.7125,0.4898203,0.47905084,0.48125264,0.47753704,0.6142206,0.6173127,0.6056149,0.6205679,0.593603,0.6156638
0.4375,0.275,0.4898203,0.47905084,0.48125264,0.47753704,0.3947502,0.33990282,0.33969086,0.33416018,0.3481907,0.23679107
0.4375,0.275,0.4898203,0.47905084,0.48125264,0.47753704,0.41691858,0.34428883,0.39166695,0.36735687,0.37561265,0.25217566
0.4375,0.275,0.4898203,0.47905084,0.48125264,0.47753704,0.42306477,0.37669963,0.36376804,0.33648112,0.386894,0.228322
0.4375,0.275,0.4898203,0.47905084,0.48125264,0.47753704,0.37955454,0.33109587,0.3688093,0.30798203,0.31796288,0.19179805
0.4375,0.275,0.4898203,0.47905084,0.48125264,0.47753704,0.41889834,0.37823242,0.318811,0.27872664,0.28291222,0.19342801
0.4375,0.275,0.4898203,0.47905084,0.48125264,0.47753704,0.37924433,0.3015387,0.3186602,0.2868421,0.43014452,0.33555028
0.4375,0.275,0.4898203,0.47905084,0.48125264,0.47753704,0.39043695,0.3253147,0.35685176,0.3176617,0.35369578,0.2963907
0.4375,0.275,0.4898203,0.47905084,0.48125264,0.47753704,0.40546757,0.3683616,0.3856138,0.33860165,0.37435466,0.2606493
0.4375,0.275,0.4898203,0.47905084,0.48125264,0.47753704,0.35275444,0.27016205,0.34995788,0.27982506,0.34935483,0.2701301
0.3125,0.3375,0.4898203,0.47905084,0.48125264,0.47753704,0.3904843,0.33478194,0.392679,0.34028935,0.37852517,0.31541538
0.3125,0.3375,0.4898203,0.47905084,0.48125264,0.47753704,0.37238437,0.3035899,0.40605608,0.33493477,0.320093,0.25070873
0.3125,0.3375,0.4898203,0.47905084,0.48125264,0.47753704,0.41482708,0.3544937,0.4001888,0.32287773,0.4270171,0.31465176
0.3125,0.3375,0.4898203,0.47905084,0.48125264,0.47753704,0.44574183,0.4459011,0.39487654,0.43619397,0.40222532,0.34789935
0.3125,0.3375,0.4898203,0.47905084,0.48125264,0.47753704,0.3874271,0.357028,0.39920777,0.43852007,0.3899691,0.33854243
0.3125,0.3375,0.4898203,0.47905084,0.48125264,0.47753704,0.41169757,0.36698782,0.40603518,0.34337026,0.43064317,0.26112798
0.3125,0.3375,0.4898203,0.47905084,0.48125264,0.47753704,0.4035051,0.36297,0.40673748,0.41051427,0.37022623,0.28921103
0.3125,0.3375,0.4898203,0.47905084,0.48125264,0.47753704,0.44322717,0.41007787,0.4091738,0.41920957,0.4298089,0.37069708
0.3125,0.3375,0.4898203,0.47905084,0.48125264,0.47753704,0.37595183,0.30912983,0.40133542,0.34201527,0.3635094,0.304821
0.4375,0.25,0.4898203,0.47905084,0.48125264,0.47753704,0.41352227,0.3332187,0.34311238,0.23348564,0.37412,0.19974387
0.4375,0.25,0.4898203,0.47905084,0.48125264,0.47753704,0.3953583,0.3059882,0.37502727,0.27170324,0.35853672,0.20762773
0.4375,0.25,0.4898203,0.47905084,0.48125264,0.47753704,0.41696477,0.33254755,0.3549737,0.24778003,0.34050804,0.19408278
0.4375,0.25,0.4898203,0.47905084,0.48125264,0.47753704,0.4726068,0.3954482,0.37031907,0.2785442,0.41233262,0.25235215
0.4375,0.25,0.4898203,0.47905084,0.48125264,0.47753704,0.38712078,0.30054733,0.3764185,0.265012,0.36272898,0.22948371
0.4375,0.25,0.4898203,0.47905084,0.48125264,0.47753704,0.36557806,0.27306336,0.34000236,0.23957694,0.37718987,0.20693167
0.4375,0.25,0.4898203,0.47905084,0.48125264,0.47753704,0.37889716,0.31663972,0.35969877,0.36402115,0.36094773,0.26268038
0.4375,0.25,0.4898203,0.47905084,0.48125264,0.47753704,0.34395707,0.29219705,0.3437544,0.2883185,0.3851424,0.294564
0.4375,0.25,0.4898203,0.47905084,0.48125264,0.47753704,0.38743287,0.2864666,0.35160112,0.2584842,0.36056417,0.20459056
0.65,0.475,0.4898203,0.47905084,0.48125264,0.47753704,0.48635703,0.45376837,0.50606847,0.42868602,0.5377888,0.47188163
0.65,0.475,0.4898203,0.47905084,0.48125264,0.47753704,0.45821097,0.41554523,0.4994972,0.44307315,0.5573866,0.5050982
0.65,0.475,0.4898203,0.47905084,0.48125264,0.47753704,0.4418265,0.39727396,0.44723922,0.35809565,0.46475697,0.40284485
0.65,0.475,0.4898203,0.47905084,0.48125264,0.47753704,0.45017877,0.40943587,0.43038446,0.35228032,0.55193025,0.5058798
0.65,0.475,0.4898203,0.47905084,0.48125264,0.47753704,0.46538147,0.43433207,0.46379286,0.39988685,0.5545509,0.52181494
0.65,0.475,0.4898203,0.47905084,0.48125264,0.47753704,0.49973604,0.47496557,0.48186967,0.42065948,0.55257237,0.54477084
0.65,0.475,0.4898203,0.47905084,0.48125264,0.47753704,0.42870733,0.38682896,0.43067476,0.34462568,0.48887148,0.4473244
0.65,0.475,0.4898203,0.47905084,0.48125264,0.47753704,0.4536324,0.41030496,0.4531807,0.3762188,0.48861623,0.4738836
0.65,0.475,0.4898203,0.47905084,0.48125264,0.47753704,0.48214778,0.45467126,0.48573256,0.41735408,0.5260006,0.45838824
0.2875,0.2875,0.4898203,0.47905084,0.48125264,0.47753704,0.3834728,0.37503022,0.3551817,0.3364694,0.27676857,0.2906737
0.2875,0.2875,0.4898203,0.47905084,0.48125264,0.47753704,0.37709603,0.3473633,0.37207037,0.3577648,0.24212947,0.26302773
0.2875,0.2875,0.4898203,0.47905084,0.48125264,0.47753704,0.3743748,0.34727788,0.4049415,0.36385775,0.3200671,0.22310697
0.2875,0.2875,0.4898203,0.47905084,0.48125264,0.47753704,0.35882968,0.30161023,0.33775896,0.28660458,0.2461685,0.24175403
0.2875,0.2875,0.4898203,0.47905084,0.48125264,0.47753704,0.36917242,0.35293126,0.37937206,0.35843346,0.2952777,0.27906683
0.2875,0.2875,0.4898203,0.47905084,0.48125264,0.47753704,0.38236192,0.35512424,0.33889365,0.29899547,0.28138,0.23623666
0.2875,0.2875,0.4898203,0.47905084,0.48125264,0.47753704,0.33648586,0.268675,0.32926357,0.30626377,0.33047864,0.22443025
0.2875,0.2875,0.4898203,0.47905084,0.48125264,0.47753704,0.3470386,0.29679626,0.31187445,0.2810065,0.3362051,0.22927946
0.2875,0.2875,0.4898203,0.47905084,0.48125264,0.47753704,0.38425958,0.33716547,0.37772775,0.3732812,0.31862766,0.2866208
0.4375,0.475,0.4898203,0.47905084,0.48125264,0.47753704,0.5236698,0.4962424,0.51456696,0.52167976,0.4442111,0.35296598
0.4375,0.475,0.4898203,0.47905084,0.48125264,0.47753704,0.5121979,0.4747197,0.5211779,0.5319923,0.45479152,0.36919245
0.4375,0.475,0.4898203,0.47905084,0.48125264,0.47753704,0.55418414,0.53800935,0.52741206,0.5428798,0.46518984,0.40411437
0.4375,0.475,0.4898203,0.47905084,0.48125264,0.47753704,0.53440845,0.5397796,0.53161347,0.5626875,0.46064267,0.39972273
0.4375,0.475,0.4898203,0.47905084,0.48125264,0.47753704,0.52670634,0.5042595,0.51707757,0.52013767,0.56432533,0.46391186
0.4375,0.475,0.4898203,0.47905084,0.48125264,0.47753704,0.48563558,0.44254267,0.5187496,0.5326649,0.51396614,0.44166407
0.4375,0.475,0.4898203,0.47905084,0.48125264,0.47753704,0.53915703,0.51256186,0.5217426,0.53725624,0.4889739,0.41921207
0.4375,0.475,0.4898203,0.47905084,0.48125264,0.47753704,0.5124563,0.48114258,0.5395216,0.5541911,0.53481185,0.47554114
0.4375,0.475,0.4898203,0.47905084,0.48125264,0.47753704,0.5124248,0.4870373,0.52745503,0.55566275,0.48626652,0.43949848
0.3625,0.4375,0.4898203,0.47905084,0.48125264,0.47753704,0.5110042,0.47445714,0.48820242,0.5042669,0.44691366,0.39398748
0.3625,0.4375,0.4898203,0.47905084,0.48125264,0.47753704,0.4623654,0.42519718,0.4291767,0.4089517,0.4746618,0.4147965
0.3625,0.4375,0.4898203,0.47905084,0.48125264,0.47753704,0.47204083,0.441419,0.44723982,0.44517812,0.47566667,0.41688895
0.3625,0.4375,0.4898203,0.47905084,0.48125264,0.47753704,0.42969328,0.37364873,0.41630068,0.40331566,0.39595264,0.30357572
0.3625,0.4375,0.4898203,0.47905084,0.48125264,0.47753704,0.44433245,0.4162411,0.44861716,0.4569536,0.3949537,0.3664208
0.3625,0.4375,0.4898203,0.47905084,0.48125264,0.47753704,0.43283474,0.39686263,0.4230565,0.40944156,0.49187917,0.46400133
0.3625,0.4375,0.4898203,0.47905084,0.48125264,0.47753704,0.4545613,0.4354632,0.42059448,0.40236637,0.42974973,0.3537707
0.3625,0.4375,0.4898203,0.47905084,0.48125264,0.47753704,0.46036333,0.41989,0.46059853,0.42220145,0.45745164,0.39627904
0.3625,0.4375,0.4898203,0.47905084,0.48125264,0.47753704,0.5105587,0.5155212,0.50046057,0.52779937,0.48919544,0.48836645
0.4125,0.4,0.4898203,0.47905084,0.48125264,0.47753704,0.4524435,0.42545813,0.4517549,0.48300788,0.45269287,0.3964743
0.4125,0.4,0.4898203,0.47905084,0.48125264,0.47753704,0.44151077,0.41214198,0.45198002,0.47119156,0.40982336,0.39673397
0.4125,0.4,0.4898203,0.47905084,0.48125264,0.47753704,0.44195288,0.40078017,0.4144048,0.4257928,0.39659497,0.27785912
0.4125,0.4,0.4898203,0.47905084,0.48125264,0.47753704,0.4702791,0.44526964,0.44258016,0.44984698,0.45061243,0.41733876
0.4125,0.4,0.4898203,0.47905084,0.48125264,0.47753704,0.4012396,0.3451761,0.44287863,0.4700123,0.43642217,0.39951622
0.4125,0.4,0.4898203,0.47905084,0.48125264,0.47753704,0.41769397,0.37369323,0.40940052,0.4088432,0.44063628,0.40113053
0.4125,0.4,0.4898203,0.47905084,0.48125264,0.47753704,0.4011709,0.34303993,0.43217054,0.43004128,0.40321243,0.35187218
0.4125,0.4,0.4898203,0.47905084,0.48125264,0.47753704,0.39145663,0.3582179,0.43897986,0.4397917,0.40822187,0.4249177
0.4125,0.4,0.4898203,0.47905084,0.48125264,0.47753704,0.36150038,0.36780843,0.37957525,0.4174883,0.35644576,0.31761798
0.5,0.4125,0.4898203,0.47905084,0.48125264,0.47753704,0.41080752,0.32506037,0.39875752,0.33211562,0.40669334,0.29688695
0.5,0.4125,0.4898203,0.47905084,0.48125264,0.47753704,0.4306762,0.3630528,0.4740557,0.43831944,0.41641977,0.3081991
0.5,0.4125,0.4898203,0.47905084,0.48125264,0.47753704,0.480998,0.42792952,0.47395656,0.41890565,0.43420002,0.35503733
0.5,0.4125,0.4898203,0.47905084,0.48125264,0.47753704,0.45473042,0.38933992,0.46170902,0.42191407,0.4183431,0.31098956
0.5,0.4125,0.4898203,0.47905084,0.48125264,0.47753704,0.4805767,0.4344417,0.50488925,0.46519858,0.42262423,0.36613652
0.5,0.4125,0.4898203,0.47905084,0.48125264,0.47753704,0.4503936,0.396351,0.47018936,0.41702193,0.41647926,0.30293968
0.5,0.4125,0.4898203,0.47905084,0.48125264,0.47753704,0.4481379,0.39297903,0.42365706,0.36919296,0.36994147,0.3070715
0.5,0.4125,0.4898203,0.47905084,0.48125264,0.47753704,0.43624607,0.37604323,0.46513575,0.4133221,0.40732002,0.35498145
0.5,0.4125,0.4898203,0.47905084,0.48125264,0.47753704,0.41565457,0.35415226,0.4765914,0.41919878,0.47771817,0.34371784
0.7625,0.6375,0.4898203,0.47905084,0.48125264,0.47753704,0.5736275,0.5595049,0.56821215,0.5392953,0.6127965,0.5311514
0.7625,0.6375,0.4898203,0.47905084,0.48125264,0.47753704,0.5534896,0.5409265,0.5599017,0.54246706,0.5736279,0.510143
0.7625,0.6375,0.4898203,0.47905084,0.48125264,0.47753704,0.56349325,0.5494873,0.59811586,0.6050041,0.59273505,0.53657746
0.7625,0.6375,0.4898203,0.47905084,0.48125264,0.47753704,0.55790615,0.54435927,0.5869284,0.59247184,0.5822452,0.53113216
0.7625,0.6375,0.4898203,0.47905084,0.48125264,0.47753704,0.621194,0.60361844,0.56937754,0.5542059,0.5624021,0.5043392
0.7625,0.6375,0.4898203,0.47905084,0.48125264,0.47753704,0.5930419,0.5707755,0.61022174,0.59400254,0.63671917,0.6115878
0.7625,0.6375,0.4898203,0.47905084,0.48125264,0.47753704,0.5506525,0.53151107,0.568361,0.5576067,0.54568326,0.48645264
0.7625,0.6375,0.4898203,0.47905084,0.48125264,0.47753704,0.5499759,0.52695125,0.5686368,0.5552398,0.5573901,0.4982349
0.7625,0.6375,0.4898203,0.47905084,0.48125264,0.47753704,0.5490377,0.53470147,0.56429195,0.55160165,0.5897089,0.50789225
0.525,0.7625,0.4898203,0.47905084,0.48125264,0.47753704,0.5116311,0.5370874,0.5062702,0.56042707,0.53559047,0.6070275
0.525,0.7625,0.4898203,0.47905084,0.48125264,0.47753704,0.5713462,0.6174613,0.5028229,0.5835979,0.6324698,0.6655463
0.525,0.7625,0.4898203,0.47905084,0.48125264,0.47753704,0.57312185,0.63438654,0.49970937,0.58979213,0.65631056,0.6616459
0.525,0.7625,0.4898203,0.47905084,0.48125264,0.47753704,0.57520336,0.63524824,0.53947705,0.6356567,0.56065786,0.5647647
0.525,0.7625,0.4898203,0.47905084,0.48125264,0.47753704,0.55140024,0.58364934,0.53821933,0.630088,0.68224347,0.6870056
0.525,0.7625,0.4898203,0.47905084,0.48125264,0.47753704,0.5478675,0.58987206,0.5315106,0.62026554,0.641539,0.62244624
0.525,0.7625,0.4898203,0.47905084,0.48125264,0.47753704,0.5709854,0.62549996,0.5413959,0.633772,0.6654369,0.6611897
0.525,0.7625,0.4898203,0.47905084,0.48125264,0.47753704,0.5734147,0.6288736,0.53496313,0.62868774,0.63128346,0.6561298
0.525,0.7625,0.4898203,0.47905084,0.48125264,0.47753704,0.5589628,0.61279666,0.54858863,0.6416833,0.6868458,0.68677634
0.675,0.7,0.4898203,0.47905084,0.48125264,0.47753704,0.6117364,0.62471354,0.5740324,0.56445694,0.55834836,0.5265045
0.675,0.7,0.4898203,0.47905084,0.48125264,0.47753704,0.5768323,0.5475256,0.5722815,0.5672288,0.5583418,0.54371077
0.675,0.7,0.4898203,0.47905084,0.48125264,0.47753704,0.6334051,0.61835927,0.58523095,0.5522393,0.58565056,0.5423606
0.675,0.7,0.4898203,0.47905084,0.48125264,0.47753704,0.61171746,0.5845278,0.6034465,0.58489484,0.58847183,0.5606065
0.675,0.7,0.4898203,0.47905084,0.48125264,0.47753704,0.56106776,0.5186652,0.5970391,0.59330356,0.5503511,0.5143962
0.675,0.7,0.4898203,0.47905084,0.48125264,0.47753704,0.6115433,0.5985067,0.5356677,0.5278512,0.57011724,0.5326484
0.675,0.7,0.4898203,0.47905084,0.48125264,0.47753704,0.612882,0.5856395,0.5623785,0.5761593,0.55151993,0.54424244
0.675,0.7,0.4898203,0.47905084,0.48125264,0.47753704,0.57000464,0.5612558,0.5729695,0.593283,0.5451915,0.5616512
0.675,0.7,0.4898203,0.47905084,0.48125264,0.47753704,0.45299983,0.40096223,0.5016734,0.5051645,0.5255613,0.5043734
0.5,0.3125,0.4898203,0.47905084,0.48125264,0.47753704,0.458264,0.4102388,0.43175536,0.377701,0.43132302,0.33221778
0.5,0.3125,0.4898203,0.47905084,0.48125264,0.47753704,0.43354356,0.39970523,0.45873016,0.4143979,0.44522166,0.37151834
0.5,0.3125,0.4898203,0.47905084,0.48125264,0.47753704,0.4335705,0.3844507,0.43384972,0.41032118,0.45712924,0.36859018
0.5,0.3125,0.4898203,0.47905084,0.48125264,0.47753704,0.44624817,0.39731637,0.4118998,0.42599308,0.4834282,0.4244451
0.5,0.3125,0.4898203,0.47905084,0.48125264,0.47753704,0.38303822,0.310404,0.4017332,0.35180387,0.41324395,0.32117847
0.5,0.3125,0.4898203,0.47905084,0.48125264,0.47753704,0.4070938,0.33617243,0.40662608,0.31248444,0.4378085,0.30773044
0.5,0.3125,0.4898203,0.47905084,0.48125264,0.47753704,0.44486082,0.3744024,0.39868814,0.31485003,0.43991524,0.3363845
0.5,0.3125,0.4898203,0.47905084,0.48125264,0.47753704,0.40230638,0.35481054,0.40436855,0.3533765,0.45166925,0.37477112
0.5,0.3125,0.4898203,0.47905084,0.48125264,0.47753704,0.4436643,0.38479465,0.36534712,0.28012818,0.45851398,0.3449911
0.675,0.7,0.4898203,0.47905084,0.48125264,0.47753704,0.6010665,0.6101667,0.61724675,0.6618494,0.62737674,0.6550879
0.675,0.7,0.4898203,0.47905084,0.48125264,0.47753704,0.63479865,0.65173334,0.61066747,0.66413575,0.5812076,0.6426509
0.675,0.7,0.4898203,0.47905084,0.48125264,0.47753704,0.58106744,0.60058135,0.61237544,0.66465855,0.6070634,0.64528257
0.675,0.7,0.4898203,0.47905084,0.48125264,0.47753704,0.6258391,0.6300162,0.6218351,0.6692294,0.61634755,0.6586881
0.675,0.7,0.4898203,0.47905084,0.48125264,0.47753704,0.5988432,0.6206035,0.589203,0.64362776,0.63264877,0.6586426
0.675,0.7,0.4898203,0.47905084,0.48125264,0.47753704,0.52480364,0.52034014,0.5588523,0.60556126,0.5571511,0.6145105
0.675,0.7,0.4898203,0.47905084,0.48125264,0.47753704,0.4966613,0.46176618,0.5777929,0.60803396,0.59560376,0.5998572
0.675,0.7,0.4898203,0.47905084,0.48125264,0.47753704,0.5863639,0.58901674,0.5695636,0.61726815,0.59726655,0.6874279
0.675,0.7,0.4898203,0.47905084,0.48125264,0.47753704,0.5597721,0.5785322,0.58533597,0.65380687,0.58082336,0.64627945
0.65,0.65,0.4898203,0.47905084,0.48125264,0.47753704,0.5085293,0.50717497,0.5444341,0.551144,0.5808862,0.5599332
0.65,0.65,0.4898203,0.47905084,0.48125264,0.47753704,0.55323493,0.5662615,0.5667532,0.6036502,0.62148374,0.64763486
0.65,0.65,0.4898203,0.47905084,0.48125264,0.47753704,0.5576359,0.5848398,0.55997944,0.6066347,0.62957764,0.62808424
0.65,0.65,0.4898203,0.47905084,0.48125264,0.47753704,0.5609853,0.582799,0.5480243,0.59462905,0.57854754,0.6158131
0.65,0.65,0.4898203,0.47905084,0.48125264,0.47753704,0.5375549,0.5734748,0.57417387,0.64874625,0.5752945,0.6449989
0.65,0.65,0.4898203,0.47905084,0.48125264,0.47753704,0.538768,0.5654339,0.591236,0.6593069,0.63757247,0.64744794
0.65,0.65,0.4898203,0.47905084,0.48125264,0.47753704,0.5467067,0.5709785,0.5899017,0.6542194,0.66748345,0.66773164
0.65,0.65,0.4898203,0.47905084,0.48125264,0.47753704,0.509764,0.501392,0.53023046,0.54082096,0.60450625,0.60783184
0.65,0.65,0.4898203,0.47905084,0.48125264,0.47753704,0.58369756,0.59866977,0.5882032,0.6264597,0.6529908,0.6494937
0.35,0.325,0.4898203,0.47905084,0.48125264,0.47753704,0.42663574,0.32345808,0.46033174,0.32645816,0.4849699,0.31669527
0.35,0.325,0.4898203,0.47905084,0.48125264,0.47753704,0.472084,0.3757621,0.4501794,0.31329963,0.5193057,0.37502584
0.35,0.325,0.4898203,0.47905084,0.48125264,0.47753704,0.5150963,0.43743783,0.44795656,0.3252344,0.48697212,0.3487119
0.35,0.325,0.4898203,0.47905084,0.48125264,0.47753704,0.43606204,0.3551504,0.45679304,0.3191988,0.4650589,0.2806334
0.35,0.325,0.4898203,0.47905084,0.48125264,0.47753704,0.50317484,0.42830384,0.4355013,0.3088717,0.517418,0.34637004
0.35,0.325,0.4898203,0.47905084,0.48125264,0.47753704,0.5384612,0.47172314,0.4444219,0.32020384,0.4835285,0.33347383
0.35,0.325,0.4898203,0.47905084,0.48125264,0.47753704,0.46016023,0.3568694,0.46235943,0.3270051,0.5101635,0.31417412
0.35,0.325,0.4898203,0.47905084,0.48125264,0.47753704,0.44688255,0.35924923,0.43909365,0.30511177,0.5045205,0.35059342
0.35,0.325,0.4898203,0.47905084,0.48125264,0.47753704,0.48307836,0.4163192,0.4343953,0.3116365,0.4920356,0.33918035
0.6625,0.575,0.4898203,0.47905084,0.48125264,0.47753704,0.6110536,0.56514823,0.5799142,0.52292705,0.57878876,0.5272774
0.6625,0.575,0.4898203,0.47905084,0.48125264,0.47753704,0.580212,0.5243538,0.5846704,0.5321558,0.58362406,0.5549386
0.6625,0.575,0.4898203,0.47905084,0.48125264,0.47753704,0.595233,0.57181114,0.5853797,0.5306598,0.5780694,0.563205
0.6625,0.575,0.4898203,0.47905084,0.48125264,0.47753704,0.59008086,0.5684007,0.5868797,0.53011316,0.6017872,0.5612403
0.6625,0.575,0.4898203,0.47905084,0.48125264,0.47753704,0.63311946,0.61753297,0.5844952,0.5288435,0.59669,0.5589424
0.6625,0.575,0.4898203,0.47905084,0.48125264,0.47753704,0.52312344,0.49015355,0.514604,0.45375705,0.57721114,0.5297742
0.6625,0.575,0.4898203,0.47905084,0.48125264,0.47753704,0.61107886,0.6237691,0.49222532,0.44518688,0.5426548,0.5363857
0.6625,0.575,0.4898203,0.47905084,0.48125264,0.47753704,0.6224595,0.5915021,0.5848969,0.5419763,0.58434,0.56479025
0.6625,0.575,0.4898203,0.47905084,0.48125264,0.47753704,0.5787544,0.5385375,0.5831623,0.5397828,0.58745897,0.5636642
0.3375,0.175,0.4898203,0.47905084,0.48125264,0.47753704,0.34895468,0.3025063,0.3497324,0.3156608,0.29239666,0.33163738
0.3375,0.175,0.4898203,0.47905084,0.48125264,0.47753704,0.34502614,0.30234727,0.34390685,0.3118437,0.31341612,0.32405895
0.3375,0.175,0.4898203,0.47905084,0.48125264,0.47753704,0.3333327,0.27783403,0.34053785,0.30014732,0.29012188,0.29335424
0.3375,0.175,0.4898203,0.47905084,0.48125264,0.47753704,0.32993352,0.26926565,0.33635712,0.3011576,0.32782152,0.31715858
0.3375,0.175,0.4898203,0.47905084,0.48125264,0.47753704,0.3243726,0.26895607,0.34998554,0.30444115,0.29127946,0.29602453
0.3375,0.175,0.4898203,0.47905084,0.48125264,0.47753704,0.32341763,0.26777518,0.35106945,0.30387717,0.30165952,0.29282174
0.3375,0.175,0.4898203,0.47905084,0.48125264,0.47753704,0.33849505,0.28770405,0.3336736,0.29870155,0.3424513,0.30163237
0.3375,0.175,0.4898203,0.47905084,0.48125264,0.47753704,0.3411186,0.24028456,0.40159547,0.27438977,0.37018847,0.27749917
0.3375,0.175,0.4898203,0.47905084,0.48125264,0.47753704,0.33580685,0.23402768,0.38517728,0.2323272,0.36967173,0.2510169
0.5875,0.25,0.4898203,0.47905084,0.48125264,0.47753704,0.33408856,0.22912599,0.39012328,0.17557839,0.35311547,0.15379715
0.5875,0.25,0.4898203,0.47905084,0.48125264,0.47753704,0.32928938,0.22532803,0.36631188,0.18322282,0.3575646,0.14904115
0.5875,0.25,0.4898203,0.47905084,0.48125264,0.47753704,0.34639898,0.24033868,0.3805486,0.20179313,0.39531878,0.24608478
0.5875,0.25,0.4898203,0.47905084,0.48125264,0.47753704,0.31711212,0.21087605,0.38858542,0.1934064,0.37597153,0.22387709
0.5875,0.25,0.4898203,0.47905084,0.48125264,0.47753704,0.33603513,0.2317629,0.37608433,0.19583756,0.41250554,0.18943183
0.5875,0.25,0.4898203,0.47905084,0.48125264,0.47753704,0.35340416,0.24618532,0.29445922,0.21675652,0.42602628,0.19840078
0.5875,0.25,0.4898203,0.47905084,0.48125264,0.47753704,0.3823495,0.2909779,0.35624504,0.19255641,0.3430055,0.15132457
0.5875,0.25,0.4898203,0.47905084,0.48125264,0.47753704,0.35403514,0.2573523,0.39987904,0.19826666,0.35775307,0.18198933
0.5875,0.25,0.4898203,0.47905084,0.48125264,0.47753704,0.41912544,0.33942163,0.42517033,0.26281738,0.36856562,0.21906783
0.55,0.5125,0.4898203,0.47905084,0.48125264,0.47753704,0.47427374,0.42146188,0.48762345,0.40863827,0.5248131,0.40093425
0.55,0.5125,0.4898203,0.47905084,0.48125264,0.47753704,0.4675733,0.41247112,0.5113534,0.44267935,0.5105206,0.41200957
0.55,0.5125,0.4898203,0.47905084,0.48125264,0.47753704,0.43422848,0.37908792,0.5171944,0.4507475,0.43443352,0.36332777
0.55,0.5125,0.4898203,0.47905084,0.48125264,0.47753704,0.48143917,0.43092948,0.5080991,0.4526717,0.53250945,0.43616804
0.55,0.5125,0.4898203,0.47905084,0.48125264,0.47753704,0.4843517,0.42929155,0.54824,0.49024877,0.4784008,0.40101665
0.55,0.5125,0.4898203,0.47905084,0.48125264,0.47753704,0.5075977,0.4676711,0.5380504,0.5140178,0.5659039,0.44489893
0.55,0.5125,0.4898203,0.47905084,0.48125264,0.47753704,0.5078752,0.46270013,0.53706074,0.5021727,0.5193126,0.43736786
0.55,0.5125,0.4898203,0.47905084,0.48125264,0.47753704,0.4820947,0.43560594,0.52762043,0.51809543,0.49087223,0.3779913
0.55,0.5125,0.4898203,0.47905084,0.48125264,0.47753704,0.5104339,0.4805956,0.532027,0.5057556,0.5500628,0.44171312
0.2,0.3,0.4898203,0.47905084,0.48125264,0.47753704,0.3369235,0.2824359,0.29296592,0.27135694,0.36238,0.24694699
0.2,0.3,0.4898203,0.47905084,0.48125264,0.47753704,0.31408614,0.25658256,0.38310415,0.36555922,0.41794425,0.34875393
0.2,0.3,0.4898203,0.47905084,0.48125264,0.47753704,0.35516042,0.29484436,0.32687122,0.28504947,0.32883918,0.21171953
0.2,0.3,0.4898203,0.47905084,0.48125264,0.47753704,0.36703998,0.29940256,0.29550654,0.26171887,0.32680163,0.24799512
0.2,0.3,0.4898203,0.47905084,0.48125264,0.47753704,0.3355301,0.28888065,0.2876609,0.30442098,0.3620044,0.2936385
0.2,0.3,0.4898203,0.47905084,0.48125264,0.47753704,0.35476348,0.33461645,0.3248003,0.33691496,0.43305123,0.31245247
0.2,0.3,0.4898203,0.47905084,0.48125264,0.47753704,0.3619885,0.28560007,0.3551268,0.2575924,0.30986482,0.21207921
0.2,0.3,0.4898203,0.47905084,0.48125264,0.47753704,0.32707214,0.26560855,0.32094532,0.27016568,0.36144575,0.23144802
0.2,0.3,0.4898203,0.47905084,0.48125264,0.47753704,0.31971216,0.26762682,0.29016444,0.276666,0.2826464,0.23628485
0.3875,0.1625,0.4898203,0.47905084,0.48125264,0.47753704,0.3575246,0.26745856,0.2706271,0.23041074,0.34256235,0.21027088
0.3875,0.1625,0.4898203,0.47905084,0.48125264,0.47753704,0.32603532,0.22141692,0.30458587,0.22853069,0.32181713,0.19135243
0.3875,0.1625,0.4898203,0.47905084,0.48125264,0.47753704,0.36457518,0.27373233,0.32521397,0.23868874,0.3099852,0.174506
0.3875,0.1625,0.4898203,0.47905084,0.48125264,0.47753704,0.30692896,0.20368984,0.3327325,0.21926287,0.40851986,0.18594055
0.3875,0.1625,0.4898203,0.47905084,0.48125264,0.47753704,0.32047942,0.21929368,0.3367499,0.22408079,0.34666145,0.16275977
0.3875,0.1625,0.4898203,0.47905084,0.48125264,0.47753704,0.31342077,0.20776379,0.31713602,0.20161748,0.3628793,0.15698871
0.3875,0.1625,0.4898203,0.47905084,0.48125264,0.47753704,0.3227417,0.2271978,0.36559027,0.24435008,0.40957066,0.22707948
0.3875,0.1625,0.4898203,0.47905084,0.48125264,0.47753704,0.3316309,0.23580052,0.3642232,0.24058029,0.3220394,0.16080156
0.3875,0.1625,0.4898203,0.47905084,0.48125264,0.47753704,0.33581737,0.23820466,0.3613304,0.21573372,0.3180331,0.1638466
0.7375,0.6375,0.4898203,0.47905084,0.48125264,0.47753704,0.54752624,0.55253863,0.5417223,0.55460477,0.5939026,0.5947807
0.7375,0.6375,0.4898203,0.47905084,0.48125264,0.47753704,0.5332335,0.5337063,0.5309764,0.532223,0.61174786,0.5753349
0.7375,0.6375,0.4898203,0.47905084,0.48125264,0.47753704,0.49090075,0.4506848,0.5240923,0.52394044,0.6083523,0.6123856
0.7375,0.6375,0.4898203,0.47905084,0.48125264,0.47753704,0.54367894,0.5404418,0.5329862,0.53353107,0.5849387,0.5263391
0.7375,0.6375,0.4898203,0.47905084,0.48125264,0.47753704,0.4986464,0.46521676,0.5384931,0.53582036,0.63138497,0.58308613
0.7375,0.6375,0.4898203,0.47905084,0.48125264,0.47753704,0.54028076,0.5391436,0.5542582,0.5335664,0.5863869,0.5525606
0.7375,0.6375,0.4898203,0.47905084,0.48125264,0.47753704,0.5239813,0.52553016,0.5466173,0.5514983,0.59949344,0.5705221
0.7375,0.6375,0.4898203,0.47905084,0.48125264,0.47753704,0.53171563,0.5024907,0.5721656,0.575906,0.6254824,0.58291626
0.7375,0.6375,0.4898203,0.47905084,0.48125264,0.47753704,0.54722965,0.52384734,0.5613458,0.5552993,0.6476911,0.60387665
0.325,0.2625,0.4898203,0.47905084,0.48125264,0.47753704,0.3197538,0.3193306,0.23367538,0.33163255,0.40347803,0.2626535
0.325,0.2625,0.4898203,0.47905084,0.48125264,0.47753704,0.31625918,0.3076929,0.23840278,0.36229694,0.32259208,0.25359297
0.325,0.2625,0.4898203,0.47905084,0.48125264,0.47753704,0.32446325,0.3171452,0.242684,0.37575766,0.37000537,0.2639912
0.325,0.2625,0.4898203,0.47905084,0.48125264,0.47753704,0.32748276,0.33433855,0.23053233,0.37274367,0.315735,0.26280874
0.325,0.2625,0.4898203,0.47905084,0.48125264,0.47753704,0.33591363,0.3267728,0.24121734,0.3222041,0.35928127,0.26493555
0.325,0.2625,0.4898203,0.47905084,0.48125264,0.47753704,0.3354129,0.33516344,0.23464943,0.36430454,0.31803423,0.2562624
0.325,0.2625,0.4898203,0.47905084,0.48125264,0.47753704,0.32861492,0.30189016,0.22860163,0.34009126,0.3846642,0.257435
0.325,0.2625,0.4898203,0.47905084,0.48125264,0.47753704,0.31679058,0.27859873,0.22682089,0.32433307,0.4142034,0.27270126
0.325,0.2625,0.4898203,0.47905084,0.48125264,0.47753704,0.34279448,0.30872318,0.246976,0.34097743,0.32003388,0.2618547
0.45,0.2875,0.4898203,0.47905084,0.48125264,0.47753704,0.38012648,0.2890038,0.39601153,0.29471156,0.38189688,0.23938273
0.45,0.2875,0.4898203,0.47905084,0.48125264,0.47753704,0.4171712,0.32341057,0.4214421,0.31145835,0.3672649,0.22783266
0.45,0.2875,0.4898203,0.47905084,0.48125264,0.47753704,0.4157399,0.3274827,0.43019888,0.32072532,0.48423195,0.33703566
0.45,0.2875,0.4898203,0.47905084,0.48125264,0.47753704,0.3964791,0.3076783,0.43706232,0.33286726,0.35598016,0.2590189
0.45,0.2875,0.4898203,0.47905084,0.48125264,0.47753704,0.3793346,0.28872123,0.42683506,0.3109316,0.37475097,0.23612174
0.45,0.2875,0.4898203,0.47905084,0.48125264,0.47753704,0.4227754,0.37026685,0.39946002,0.28432614,0.4019042,0.25532863
0.45,0.2875,0.4898203,0.47905084,0.48125264,0.47753704,0.43996388,0.3633998,0.4260735,0.32599556,0.39797103,0.27325404
0.45,0.2875,0.4898203,0.47905084,0.48125264,0.47753704,0.38066286,0.29479575,0.4472334,0.3424328,0.39802897,0.3068615
0.45,0.2875,0.4898203,0.47905084,0.48125264,0.47753704,0.42430386,0.34151423,0.42711467,0.35631108,0.43304908,0.30631033
0.3625,0.1875,0.4898203,0.47905084,0.48125264,0.47753704,0.3497954,0.2987024,0.26862139,0.2723984,0.34421837,0.17897768
0.3625,0.1875,0.4898203,0.47905084,0.48125264,0.47753704,0.31130028,0.27487105,0.28018484,0.2730143,0.23155731,0.22843426
0.3625,0.1875,0.4898203,0.47905084,0.48125264,0.47753704,0.38124004,0.35432485,0.2886218,0.30464652,0.37502068,0.23648217
0.3625,0.1875,0.4898203,0.47905084,0.48125264,0.47753704,0.3433189,0.3021826,0.2946306,0.30989105,0.28882262,0.30742836
0.3625,0.1875,0.4898203,0.47905084,0.48125264,0.47753704,0.3268643,0.27195576,0.27787894,0.2732679,0.22537425,0.22386025
0.3625,0.1875,0.4898203,0.47905084,0.48125264,0.47753704,0.3185759,0.2738195,0.26734498,0.26824716,0.37190947,0.18427205
0.3625,0.1875,0.4898203,0.47905084,0.48125264,0.47753704,0.31982473,0.2563029,0.2724348,0.26536623,0.33810812,0.1726658
0.3625,0.1875,0.4898203,0.47905084,0.48125264,0.47753704,0.33333734,0.28974402,0.28049994,0.26980507,0.3254251,0.19621867
0.3625,0.1875,0.4898203,0.47905084,0.48125264,0.47753704,0.33442396,0.29620048,0.27697143,0.29033887,0.26406568,0.2904377
0.4875,0.4375,0.4898203,0.47905084,0.48125264,0.47753704,0.37379488,0.3363667,0.42985487,0.42808878,0.32911757,0.3264814
0.4875,0.4375,0.4898203,0.47905084,0.48125264,0.47753704,0.4204861,0.33031276,0.30258137,0.33462697,0.38351545,0.27749404
0.4875,0.4375,0.4898203,0.47905084,0.48125264,0.47753704,0.40982974,0.37561303,0.29141492,0.3152815,0.33158302,0.2344334
0.4875,0.4375,0.4898203,0.47905084,0.48125264,0.47753704,0.41015548,0.3390959,0.3166749,0.27785596,0.38058984,0.28674904
0.4875,0.4375,0.4898203,0.47905084,0.48125264,0.47753704,0.3854954,0.3166714,0.3182595,0.28595203,0.27840862,0.2201462
0.4875,0.4375,0.4898203,0.47905084,0.48125264,0.47753704,0.35692662,0.3045574,0.35302806,0.30356097,0.2962722,0.27247417
0.4875,0.4375,0.4898203,0.47905084,0.48125264,0.47753704,0.39852697,0.3393097,0.32075757,0.30492496,0.2517193,0.28892064
0.4875,0.4375,0.4898203,0.47905084,0.48125264,0.47753704,0.37413085,0.31784433,0.37242627,0.34470963,0.298528,0.29728007
0.4875,0.4375,0.4898203,0.47905084,0.48125264,0.47753704,0.36819232,0.31499493,0.38541368,0.3438522,0.2652874,0.29579067
0.35,0.2125,0.4898203,0.47905084,0.48125264,0.47753704,0.3447699,0.28439283,0.29727095,0.26775807,0.3080159,0.23766495
0.35,0.2125,0.4898203,0.47905084,0.48125264,0.47753704,0.38524354,0.32348716,0.29822075,0.2608716,0.33489084,0.20076205
0.35,0.2125,0.4898203,0.47905084,0.48125264,0.47753704,0.36881095,0.30857882,0.2948134,0.23816793,0.31193054,0.21445723
0.35,0.2125,0.4898203,0.47905084,0.48125264,0.47753704,0.38250786,0.36040163,0.33932158,0.33940357,0.3617267,0.2979732
0.35,0.2125,0.4898203,0.47905084,0.48125264,0.47753704,0.37648928,0.29884258,0.3822381,0.3383395,0.37868857,0.26113904
0.35,0.2125,0.4898203,0.47905084,0.48125264,0.47753704,0.32038328,0.26623225,0.27100947,0.33388907,0.34703442,0.3198379
0.35,0.2125,0.4898203,0.47905084,0.48125264,0.47753704,0.36887974,0.31864175,0.34987247,0.18460405,0.2785872,0.22337542
0.35,0.2125,0.4898203,0.47905084,0.48125264,0.47753704,0.37640977,0.3216885,0.29059127,0.27629527,0.3291209,0.19836047
0.35,0.2125,0.4898203,0.47905084,0.48125264,0.47753704,0.3825205,0.30661544,0.2653517,0.29366457,0.32609743,0.21635757
0.4625,0.3,0.4898203,0.47905084,0.48125264,0.47753704,0.43988544,0.38769636,0.4434751,0.40206426,0.45217958,0.31988898
0.4625,0.3,0.4898203,0.47905084,0.48125264,0.47753704,0.4899318,0.4403082,0.4636864,0.38872725,0.4803435,0.39273822
0.4625,0.3,0.4898203,0.47905084,0.48125264,0.47753704,0.44881645,0.37180543,0.46344274,0.4038405,0.4889013,0.4055414
0.4625,0.3,0.4898203,0.47905084,0.48125264,0.47753704,0.44578356,0.38126624,0.44710478,0.4071331,0.43373922,0.36294273
0.4625,0.3,0.4898203,0.47905084,0.48125264,0.47753704,0.52457476,0.49140072,0.5229156,0.46818942,0.46942455,0.3867411
0.4625,0.3,0.4898203,0.47905084,0.48125264,0.47753704,0.41132456,0.333279,0.45648596,0.3777618,0.39193,0.25933212
0.4625,0.3,0.4898203,0.47905084,0.48125264,0.47753704,0.522843,0.48144698,0.48722723,0.43745854,0.47447404,0.37438467
0.4625,0.3,0.4898203,0.47905084,0.48125264,0.47753704,0.46336573,0.42450535,0.52895784,0.49180436,0.5250952,0.480536
0.4625,0.3,0.4898203,0.47905084,0.48125264,0.47753704,0.5071986,0.47193325,0.5455242,0.5012754,0.5730779,0.51659507
0.4125,0.15,0.4898203,0.47905084,0.48125264,0.47753704,0.34291512,0.27489468,0.30109084,0.29337126,0.37522075,0.22017947
0.4125,0.15,0.4898203,0.47905084,0.48125264,0.47753704,0.31342378,0.22214743,0.28979057,0.27021557,0.3464696,0.20330925
0.4125,0.15,0.4898203,0.47905084,0.48125264,0.47753704,0.36664957,0.31141138,0.28189868,0.2774562,0.36021313,0.2131756
0.4125,0.15,0.4898203,0.47905084,0.48125264,0.47753704,0.31568828,0.24863884,0.28618208,0.27439222,0.33327743,0.18627426
0.4125,0.15,0.4898203,0.47905084,0.48125264,0.47753704,0.32886773,0.25077206,0.30149114,0.28124654,0.32187566,0.19183864
0.4125,0.15,0.4898203,0.47905084,0.48125264,0.47753704,0.3139138,0.24323799,0.29498118,0.29957175,0.31822962,0.18065538
0.4125,0.15,0.4898203,0.47905084,0.48125264,0.47753704,0.3125813,0.24343958,0.28854787,0.28646168,0.31030488,0.20569536
0.4125,0.15,0.4898203,0.47905084,0.48125264,0.47753704,0.31715825,0.2477231,0.29669517,0.29592994,0.3400618,0.21196964
0.4125,0.15,0.4898203,0.47905084,0.48125264,0.47753704,0.30825782,0.23299375,0.2928548,0.29422557,0.33517006,0.18179843
0.3,0.45,0.4898203,0.47905084,0.48125264,0.47753704,0.53081936,0.5059565,0.51171595,0.553434,0.5636397,0.56624997
0.3,0.45,0.4898203,0.47905084,0.48125264,0.47753704,0.50184286,0.4660281,0.47240978,0.42442498,0.54066384,0.5319695
0.3,0.45,0.4898203,0.47905084,0.48125264,0.47753704,0.47922182,0.4384873,0.4789602,0.44201124,0.5074523,0.4534414
0.3,0.45,0.4898203,0.47905084,0.48125264,0.47753704,0.45142174,0.38423228,0.47088802,0.4095289,0.44738308,0.39417428
0.3,0.45,0.4898203,0.47905084,0.48125264,0.47753704,0.44683114,0.3832428,0.48091432,0.40650123,0.43801552,0.38272884
0.3,0.45,0.4898203,0.47905084,0.48125264,0.47753704,0.4644406,0.42487842,0.4940422,0.47202572,0.44790632,0.44505766
0.3,0.45,0.4898203,0.47905084,0.48125264,0.47753704,0.4893077,0.45208985,0.4873014,0.48355725,0.536211,0.49348983
0.3,0.45,0.4898203,0.47905084,0.48125264,0.47753704,0.4496116,0.39744407,0.47120896,0.42548972,0.46057227,0.41913235
0.3,0.45,0.4898203,0.47905084,0.48125264,0.47753704,0.4338096,0.3819197,0.4787118,0.47576758,0.4587677,0.4146345
0.4375,0.4875,0.4898203,0.47905084,0.48125264,0.47753704,0.49828547,0.50571454,0.5201763,0.50377643,0.5250188,0.49178326
0.4375,0.4875,0.4898203,0.47905084,0.48125264,0.47753704,0.4994641,0.49206328,0.54535544,0.56321245,0.5936213,0.558968
0.4375,0.4875,0.4898203,0.47905084,0.48125264,0.47753704,0.48149684,0.4817229,0.54331553,0.55580986,0.56118786,0.5525301
0.4375,0.4875,0.4898203,0.47905084,0.48125264,0.47753704,0.5198417,0.5225216,0.544123,0.5463466,0.5674596,0.51251787
0.4375,0.4875,0.4898203,0.47905084,0.48125264,0.47753704,0.53459096,0.532596,0.539158,0.5436171,0.43652996,0.3922327
0.4375,0.4875,0.4898203,0.47905084,0.48125264,0.47753704,0.50151104,0.50660545,0.53675693,0.56834084,0.52314425,0.50118244
0.4375,0.4875,0.4898203,0.47905084,0.48125264,0.47753704,0.49780905,0.4902867,0.49400812,0.5200542,0.43302312,0.5112602
0.4375,0.4875,0.4898203,0.47905084,0.48125264,0.47753704,0.49257755,0.4909039,0.48109576,0.5258977,0.503876,0.57568365
0.4375,0.4875,0.4898203,0.47905084,0.48125264,0.47753704,0.51845926,0.5157909,0.5184375,0.5714849,0.5243118,0.56704706
0.6,0.5875,0.4898203,0.47905084,0.48125264,0.47753704,0.5843878,0.5851216,0.57934725,0.6264637,0.6155863,0.6308408
0.6,0.5875,0.4898203,0.47905084,0.48125264,0.47753704,0.5539959,0.55346453,0.57579327,0.5992969,0.6124944,0.6368415
0.6,0.5875,0.4898203,0.47905084,0.48125264,0.47753704,0.56215477,0.54883903,0.5758661,0.58895874,0.64857274,0.6667563
0.6,0.5875,0.4898203,0.47905084,0.48125264,0.47753704,0.5658223,0.57901275,0.5785285,0.60002553,0.617707,0.6446151
0.6,0.5875,0.4898203,0.47905084,0.48125264,0.47753704,0.5548414,0.5709245,0.57274455,0.60260105,0.62714154,0.62475765
0.6,0.5875,0.4898203,0.47905084,0.48125264,0.47753704,0.5477649,0.5630392,0.5714264,0.6055757,0.6270294,0.6456079
0.6,0.5875,0.4898203,0.47905084,0.48125264,0.47753704,0.5409715,0.55060714,0.5846446,0.62857026,0.6184968,0.6052789
0.6,0.5875,0.4898203,0.47905084,0.48125264,0.47753704,0.55869055,0.56644857,0.5793661,0.6334965,0.6134467,0.6152786
0.6,0.5875,0.4898203,0.47905084,0.48125264,0.47753704,0.55213547,0.5504172,0.5780939,0.6169621,0.6204606,0.6389131
0.675,0.5375,0.4898203,0.47905084,0.48125264,0.47753704,0.5093663,0.4603942,0.544966,0.5019357,0.51219,0.44510037
0.675,0.5375,0.4898203,0.47905084,0.48125264,0.47753704,0.5559904,0.5271562,0.54614484,0.51147485,0.5869697,0.5342223
0.675,0.5375,0.4898203,0.47905084,0.48125264,0.47753704,0.52189004,0.4965477,0.5213933,0.48692846,0.5811144,0.5040576
0.675,0.5375,0.4898203,0.47905084,0.48125264,0.47753704,0.5200517,0.48502594,0.5348098,0.502118,0.44144037,0.3629382
0.675,0.5375,0.4898203,0.47905084,0.48125264,0.47753704,0.5634999,0.5375672,0.5458625,0.51499677,0.53818685,0.47643995
0.675,0.5375,0.4898203,0.47905084,0.48125264,0.47753704,0.5502907,0.5240161,0.5517448,0.5370631,0.516196,0.45820528
0.675,0.5375,0.4898203,0.47905084,0.48125264,0.47753704,0.5374831,0.50005007,0.5432192,0.49157727,0.5494078,0.47277072
0.675,0.5375,0.4898203,0.47905084,0.48125264,0.47753704,0.5599228,0.5338717,0.5451779,0.5181247,0.5897133,0.55191857
0.675,0.5375,0.4898203,0.47905084,0.48125264,0.47753704,0.5536605,0.5323392,0.5228878,0.48832113,0.5190994,0.43123075
0.75,0.8,0.4898203,0.47905084,0.48125264,0.47753704,0.56032896,0.54984796,0.58085084,0.64131784,0.55389386,0.6199476
0.75,0.8,0.4898203,0.47905084,0.48125264,0.47753704,0.5794151,0.5743617,0.59467936,0.6604798,0.5472698,0.6219491
0.75,0.8,0.4898203,0.47905084,0.48125264,0.47753704,0.56116736,0.5425538,0.59770155,0.66206634,0.50625545,0.596497
0.75,0.8,0.4898203,0.47905084,0.48125264,0.47753704,0.5618098,0.5457334,0.5938001,0.6578324,0.6283854,0.6535015
0.75,0.8,0.4898203,0.47905084,0.48125264,0.47753704,0.5939589,0.59240645,0.5646802,0.61691564,0.59284383,0.6022274
0.75,0.8,0.4898203,0.47905084,0.48125264,0.47753704,0.5000941,0.46111685,0.5537187,0.59552324,0.6609676,0.6577309
0.75,0.8,0.4898203,0.47905084,0.48125264,0.47753704,0.54777056,0.53113556,0.55812836,0.60752714,0.5711131,0.6135724
0.75,0.8,0.4898203,0.47905084,0.48125264,0.47753704,0.5453495,0.52563256,0.54842937,0.59907424,0.6153574,0.6117771
0.75,0.8,0.4898203,0.47905084,0.48125264,0.47753704,0.5255844,0.5005293,0.5529192,0.6016921,0.63203645,0.60885596
0.3,0.125,0.4898203,0.47905084,0.48125264,0.47753704,0.3437134,0.27253088,0.28409928,0.24097657,0.3563063,0.22526921
0.3,0.125,0.4898203,0.47905084,0.48125264,0.47753704,0.3677758,0.27151707,0.32040173,0.2544272,0.31697938,0.1924288
0.3,0.125,0.4898203,0.47905084,0.48125264,0.47753704,0.36710638,0.28325385,0.31384313,0.2823172,0.30629608,0.22441623
0.3,0.125,0.4898203,0.47905084,0.48125264,0.47753704,0.34422308,0.25788102,0.30441964,0.26021686,0.28332314,0.22640881
0.3,0.125,0.4898203,0.47905084,0.48125264,0.47753704,0.3701228,0.2855441,0.32773432,0.27901313,0.3643581,0.22280201
0.3,0.125,0.4898203,0.47905084,0.48125264,0.47753704,0.44344324,0.38776058,0.36486596,0.32829788,0.31056523,0.23622906
0.3,0.125,0.4898203,0.47905084,0.48125264,0.47753704,0.43946722,0.3819785,0.328239,0.28252482,0.41099763,0.29481477
0.3,0.125,0.4898203,0.47905084,0.48125264,0.47753704,0.44240984,0.37116486,0.315088,0.270755,0.34821075,0.30146235
0.3,0.125,0.4898203,0.47905084,0.48125264,0.47753704,0.38793623,0.31526446,0.3089574,0.27351838,0.40903744,0.40329656
0.5,0.35,0.4898203,0.47905084,0.48125264,0.47753704,0.46435714,0.39370996,0.48173004,0.41878378,0.39189598,0.2829522
0.5,0.35,0.4898203,0.47905084,0.48125264,0.47753704,0.43448514,0.36902928,0.46227658,0.38554576,0.39295766,0.29679504
0.5,0.35,0.4898203,0.47905084,0.48125264,0.47753704,0.45990902,0.39816108,0.45153993,0.39188808,0.42095512,0.31732163
0.5,0.35,0.4898203,0.47905084,0.48125264,0.47753704,0.46110487,0.3920321,0.43965626,0.36842307,0.35653168,0.25534338
0.5,0.35,0.4898203,0.47905084,0.48125264,0.47753704,0.4458651,0.4032085,0.45120215,0.39657718,0.41825172,0.35076416
0.5,0.35,0.4898203,0.47905084,0.48125264,0.47753704,0.48008898,0.43545288,0.4674348,0.42021167,0.3615163,0.27424085
0.5,0.35,0.4898203,0.47905084,0.48125264,0.47753704,0.45911258,0.3943008,0.46897584,0.41406375,0.37234044,0.30548427
0.5,0.35,0.4898203,0.47905084,0.48125264,0.47753704,0.433944,0.36994824,0.46339494,0.4079336,0.39184344,0.3067341
0.5,0.35,0.4898203,0.47905084,0.48125264,0.47753704,0.4499904,0.37605178,0.46957657,0.4022807,0.40366027,0.3053222
0.5875,0.575,0.4898203,0.47905084,0.48125264,0.47753704,0.46748275,0.4392032,0.46427277,0.44384193,0.48825315,0.4393624
0.5875,0.575,0.4898203,0.47905084,0.48125264,0.47753704,0.5211635,0.48989725,0.56023383,0.48993698,0.5974871,0.6197777
0.5875,0.575,0.4898203,0.47905084,0.48125264,0.47753704,0.5322393,0.52581245,0.57034856,0.49653116,0.62137175,0.627108
0.5875,0.575,0.4898203,0.47905084,0.48125264,0.47753704,0.53189266,0.5361928,0.5334757,0.47049585,0.6101282,0.62178564
0.5875,0.575,0.4898203,0.47905084,0.48125264,0.47753704,0.49357077,0.4570914,0.4617286,0.44997272,0.5814314,0.5112105
0.5875,0.575,0.4898203,0.47905084,0.48125264,0.47753704,0.55788773,0.5830062,0.58208096,0.64746183,0.6758448,0.6481193
0.5875,0.575,0.4898203,0.47905084,0.48125264,0.47753704,0.53067946,0.5430273,0.55208194,0.6022576,0.6478536,0.6302713
0.5875,0.575,0.4898203,0.47905084,0.48125264,0.47753704,0.5548432,0.5743243,0.57508314,0.6336725,0.5857459,0.57095975
0.5875,0.575,0.4898203,0.47905084,0.48125264,0.47753704,0.55201375,0.5623689,0.5863131,0.65252763,0.66627306,0.60704577
0.4375,0.475,0.4898203,0.47905084,0.48125264,0.47753704,0.43639106,0.3790657,0.44421148,0.3815701,0.3475839,0.33516422
0.4375,0.475,0.4898203,0.47905084,0.48125264,0.47753704,0.41244718,0.34722316,0.44975412,0.387885,0.3729481,0.3726215
0.4375,0.475,0.4898203,0.47905084,0.48125264,0.47753704,0.44321376,0.3888809,0.4630885,0.40350646,0.44220626,0.40428618
0.4375,0.475,0.4898203,0.47905084,0.48125264,0.47753704,0.45992136,0.41010314,0.4574468,0.38935775,0.42324254,0.31901127
0.4375,0.475,0.4898203,0.47905084,0.48125264,0.47753704,0.42730016,0.37947562,0.46704972,0.39327562,0.4857084,0.34684393
0.4375,0.475,0.4898203,0.47905084,0.48125264,0.47753704,0.46058422,0.416017,0.45461982,0.38557565,0.39950368,0.333565
0.4375,0.475,0.4898203,0.47905084,0.48125264,0.47753704,0.476551,0.42962462,0.4684099,0.4376583,0.3988419,0.3330716
0.4375,0.475,0.4898203,0.47905084,0.48125264,0.47753704,0.5429967,0.53587943,0.51993895,0.57510984,0.5251201,0.5574515
0.4375,0.475,0.4898203,0.47905084,0.48125264,0.47753704,0.5161278,0.5098099,0.5122627,0.56715184,0.50267196,0.62556297
0.6,0.5125,0.4898203,0.47905084,0.48125264,0.47753704,0.51686174,0.52571,0.53514487,0.48339862,0.5174981,0.47827175
0.6,0.5125,0.4898203,0.47905084,0.48125264,0.47753704,0.4959674,0.4846056,0.5342896,0.48357937,0.5632427,0.5651351
0.6,0.5125,0.4898203,0.47905084,0.48125264,0.47753704,0.5489921,0.5591763,0.5570719,0.6034078,0.5443674,0.5010952
0.6,0.5125,0.4898203,0.47905084,0.48125264,0.47753704,0.5306579,0.5376003,0.5723046,0.6253207,0.5996327,0.58462775
0.6,0.5125,0.4898203,0.47905084,0.48125264,0.47753704,0.5333111,0.53387195,0.5627024,0.6153946,0.6172806,0.5991783
0.6,0.5125,0.4898203,0.47905084,0.48125264,0.47753704,0.5349105,0.53338045,0.5686845,0.6159388,0.60893905,0.57421
0.6,0.5125,0.4898203,0.47905084,0.48125264,0.47753704,0.56753266,0.58219403,0.5740043,0.63010633,0.67004436,0.6667579
0.6,0.5125,0.4898203,0.47905084,0.48125264,0.47753704,0.5346623,0.5277611,0.5758703,0.6345873,0.61502826,0.60486263
0.6,0.5125,0.4898203,0.47905084,0.48125264,0.47753704,0.5583801,0.564947,0.57069004,0.63225895,0.6597876,0.6408009
0.4375,0.3375,0.4898203,0.47905084,0.48125264,0.47753704,0.4138112,0.37027377,0.3793884,0.4055434,0.24288738,0.30141038
0.4375,0.3375,0.4898203,0.47905084,0.48125264,0.47753704,0.4146518,0.36703598,0.39849445,0.43012658,0.37766978,0.32856536
0.4375,0.3375,0.4898203,0.47905084,0.48125264,0.47753704,0.44433802,0.4078399,0.3961828,0.43416357,0.31912428,0.3144646
0.4375,0.3375,0.4898203,0.47905084,0.48125264,0.47753704,0.37066132,0.3127694,0.40346888,0.43039548,0.3087626,0.3385708
0.4375,0.3375,0.4898203,0.47905084,0.48125264,0.47753704,0.4238023,0.36835435,0.41239825,0.45702207,0.3829416,0.42883205
0.4375,0.3375,0.4898203,0.47905084,0.48125264,0.47753704,0.41149256,0.35352513,0.38432503,0.42111713,0.35481608,0.36985943
0.4375,0.3375,0.4898203,0.47905084,0.48125264,0.47753704,0.3612818,0.29093868,0.40837088,0.44477794,0.3100808,0.36679313
0.4375,0.3375,0.4898203,0.47905084,0.48125264,0.47753704,0.44192895,0.412376,0.40556315,0.45422548,0.36872846,0.30750895
0.4375,0.3375,0.4898203,0.47905084,0.48125264,0.47753704,0.43443662,0.4131524,0.4204757,0.46116436,0.41682136,0.40685412
0.3125,0.225,0.4898203,0.47905084,0.48125264,0.47753704,0.40099606,0.31675655,0.40550932,0.32280612,0.33790496,0.2340788
0.3125,0.225,0.4898203,0.47905084,0.48125264,0.47753704,0.37144768,0.2879432,0.39151356,0.30064595,0.33060378,0.22416498
0.3125,0.225,0.4898203,0.47905084,0.48125264,0.47753704,0.3914591,0.30716544,0.42113775,0.32482558,0.33408448,0.24794106
0.3125,0.225,0.4898203,0.47905084,0.48125264,0.47753704,0.3786624,0.290755,0.40116626,0.3126154,0.33534276,0.23602052
0.3125,0.225,0.4898203,0.47905084,0.48125264,0.47753704,0.42783898,0.35894513,0.40472308,0.3527167,0.38817477,0.2781829
0.3125,0.225,0.4898203,0.47905084,0.48125264,0.47753704,0.4392097,0.37499908,0.40112504,0.36521143,0.31706262,0.24335983
0.3125,0.225,0.4898203,0.47905084,0.48125264,0.47753704,0.42600477,0.3518423,0.38270718,0.36495298,0.32308927,0.21868029
0.3125,0.225,0.4898203,0.47905084,0.48125264,0.47753704,0.4127974,0.34266508,0.3886512,0.3866264,0.3839747,0.29919976
0.3125,0.225,0.4898203,0.47905084,0.48125264,0.47753704,0.43649992,0.36625546,0.41888422,0.37890556,0.3678379,0.31606272
0.575,0.4,0.4898203,0.47905084,0.48125264,0.47753704,0.42908323,0.33939135,0.4019841,0.31463602,0.4169961,0.24072297
0.575,0.4,0.4898203,0.47905084,0.48125264,0.47753704,0.45657152,0.36883083,0.43167433,0.35375577,0.40518296,0.2552429
0.575,0.4,0.4898203,0.47905084,0.48125264,0.47753704,0.46937844,0.40910584,0.44247487,0.3947794,0.405349,0.34011394
0.575,0.4,0.4898203,0.47905084,0.48125264,0.47753704,0.44560525,0.37516922,0.4188482,0.3642453,0.40257636,0.30460575
0.575,0.4,0.4898203,0.47905084,0.48125264,0.47753704,0.49350765,0.4363714,0.46704528,0.42274213,0.45497146,0.34319085
0.575,0.4,0.4898203,0.47905084,0.48125264,0.47753704,0.47730502,0.4146316,0.45093745,0.39762917,0.42941573,0.33052528
0.575,0.4,0.4898203,0.47905084,0.48125264,0.47753704,0.44092214,0.36835447,0.40123236,0.3334955,0.43029496,0.3193352
0.575,0.4,0.4898203,0.47905084,0.48125264,0.47753704,0.51176065,0.4605034,0.45500323,0.4065442,0.4461408,0.35800934
0.575,0.4,0.4898203,0.47905084,0.48125264,0.47753704,0.43962717,0.36312953,0.42062947,0.3476348,0.43269783,0.30047005
0.7,0.7,0.4898203,0.47905084,0.48125264,0.47753704,0.5248514,0.5009478,0.4933228,0.5312099,0.61696,0.60200745
0.7,0.7,0.4898203,0.47905084,0.48125264,0.47753704,0.5202912,0.49368376,0.49246955,0.52777284,0.5271451,0.51907843
0.7,0.7,0.4898203,0.47905084,0.48125264,0.47753704,0.5324098,0.50191915,0.5105458,0.5559478,0.5666911,0.5963162
0.7,0.7,0.4898203,0.47905084,0.48125264,0.47753704,0.52390355,0.49547762,0.5103056,0.56261325,0.6017336,0.58854157
0.7,0.7,0.4898203,0.47905084,0.48125264,0.47753704,0.5230675,0.49770594,0.5045918,0.5496528,0.58472735,0.59957993
0.7,0.7,0.4898203,0.47905084,0.48125264,0.47753704,0.5627514,0.55081964,0.5462326,0.5612194,0.5454722,0.5578683
0.7,0.7,0.4898203,0.47905084,0.48125264,0.47753704,0.55842936,0.55618465,0.53542924,0.5395535,0.5623679,0.54054403
0.7,0.7,0.4898203,0.47905084,0.48125264,0.47753704,0.50266755,0.48163807,0.5302863,0.5692712,0.57393575,0.5767198
0.7,0.7,0.4898203,0.47905084,0.48125264,0.47753704,0.5357147,0.50655043,0.52335835,0.5706834,0.55881673,0.5668516
0.5875,0.5125,0.4898203,0.47905084,0.48125264,0.47753704,0.4968601,0.46763086,0.5535617,0.52721524,0.50796336,0.4506956
0.5875,0.5125,0.4898203,0.47905084,0.48125264,0.47753704,0.49563986,0.46624768,0.53485346,0.4984888,0.4526369,0.38310984
0.5875,0.5125,0.4898203,0.47905084,0.48125264,0.47753704,0.49743047,0.4612276,0.5324271,0.4914368,0.45115098,0.40604657
0.5875,0.5125,0.4898203,0.47905084,0.48125264,0.47753704,0.49208528,0.47206014,0.5347613,0.49410543,0.4598219,0.41085693
0.5875,0.5125,0.4898203,0.47905084,0.48125264,0.47753704,0.52349013,0.5014544,0.52377456,0.5040839,0.47509432,0.40914
0.5875,0.5125,0.4898203,0.47905084,0.48125264,0.47753704,0.5032904,0.47096872,0.5251548,0.5086683,0.48589972,0.4247174
0.5875,0.5125,0.4898203,0.47905084,0.48125264,0.47753704,0.5335551,0.5017163,0.5292635,0.525455,0.44528717,0.38546187
0.5875,0.5125,0.4898203,0.47905084,0.48125264,0.47753704,0.50271046,0.46289176,0.52775896,0.5185214,0.48402995,0.43293226
0.5875,0.5125,0.4898203,0.47905084,0.48125264,0.47753704,0.4997868,0.4688741,0.52816224,0.50341177,0.4696413,0.42582056
0.7375,0.575,0.4898203,0.47905084,0.48125264,0.47753704,0.4881419,0.47059017,0.52069646,0.4975137,0.49383864,0.4034711
0.7375,0.575,0.4898203,0.47905084,0.48125264,0.47753704,0.49909088,0.46927047,0.5007784,0.52387094,0.42464384,0.37756953
0.7375,0.575,0.4898203,0.47905084,0.48125264,0.47753704,0.49404186,0.46560788,0.5052445,0.4718822,0.4031078,0.3311725
0.7375,0.575,0.4898203,0.47905084,0.48125264,0.47753704,0.4685731,0.45989412,0.50241244,0.5199943,0.41179198,0.37377602
0.7375,0.575,0.4898203,0.47905084,0.48125264,0.47753704,0.47299963,0.42847794,0.5031009,0.49305922,0.4145524,0.3122032
0.7375,0.575,0.4898203,0.47905084,0.48125264,0.47753704,0.52834386,0.50595045,0.53195137,0.53246796,0.42334577,0.36182794
0.7375,0.575,0.4898203,0.47905084,0.48125264,0.47753704,0.43935528,0.40302032,0.40183443,0.44931945,0.485272,0.42964634
0.7375,0.575,0.4898203,0.47905084,0.48125264,0.47753704,0.47289667,0.4674344,0.4506212,0.5054932,0.4472845,0.41903442
0.7375,0.575,0.4898203,0.47905084,0.48125264,0.47753704,0.49255788,0.4404667,0.48761332,0.5421144,0.49390146,0.48304108
0.3875,0.3875,0.4898203,0.47905084,0.48125264,0.47753704,0.47595942,0.41923076,0.44194818,0.38580096,0.39324966,0.34449145
0.3875,0.3875,0.4898203,0.47905084,0.48125264,0.47753704,0.5267687,0.48371464,0.5278168,0.44768888,0.4315316,0.3698945
0.3875,0.3875,0.4898203,0.47905084,0.48125264,0.47753704,0.5008319,0.4745348,0.50025535,0.51317984,0.48190942,0.46178842
0.3875,0.3875,0.4898203,0.47905084,0.48125264,0.47753704,0.54357743,0.55307984,0.4798245,0.4739247,0.4425537,0.40570554
0.3875,0.3875,0.4898203,0.47905084,0.48125264,0.47753704,0.5185238,0.5173673,0.48956937,0.4944382,0.4447558,0.44272068
0.3875,0.3875,0.4898203,0.47905084,0.48125264,0.47753704,0.53050196,0.5342961,0.48848188,0.5025146,0.47546387,0.42771927
0.3875,0.3875,0.4898203,0.47905084,0.48125264,0.47753704,0.5146804,0.51100224,0.51396763,0.5390567,0.45857435,0.53726935
0.3875,0.3875,0.4898203,0.47905084,0.48125264,0.47753704,0.51540375,0.5167717,0.47827932,0.49700952,0.45525077,0.4635832
0.3875,0.3875,0.4898203,0.47905084,0.48125264,0.47753704,0.49958947,0.4807511,0.51791537,0.50903255,0.4454648,0.40066972
0.75,0.675,0.4898203,0.47905084,0.48125264,0.47753704,0.5323441,0.5139263,0.561064,0.54019433,0.5839276,0.5842672
0.75,0.675,0.4898203,0.47905084,0.48125264,0.47753704,0.5427736,0.51988417,0.55445737,0.5465566,0.5882142,0.61556715
0.75,0.675,0.4898203,0.47905084,0.48125264,0.47753704,0.520344,0.5049653,0.5033481,0.49601167,0.5685033,0.57355285
0.75,0.675,0.4898203,0.47905084,0.48125264,0.47753704,0.49101764,0.47217625,0.524186,0.52546,0.48966375,0.5306451
0.75,0.675,0.4898203,0.47905084,0.48125264,0.47753704,0.5351881,0.5383993,0.570233,0.60332775,0.5289271,0.61387926
0.75,0.675,0.4898203,0.47905084,0.48125264,0.47753704,0.56394875,0.5732186,0.58459675,0.60230184,0.56968105,0.61509377
0.75,0.675,0.4898203,0.47905084,0.48125264,0.47753704,0.5556521,0.56660664,0.5788606,0.5870428,0.60663056,0.64779663
0.75,0.675,0.4898203,0.47905084,0.48125264,0.47753704,0.58876705,0.6084934,0.5764434,0.5991567,0.61445236,0.63857734
0.75,0.675,0.4898203,0.47905084,0.48125264,0.47753704,0.5516698,0.5443856,0.5818295,0.58711517,0.579691,0.62146133
0.5375,0.425,0.4898203,0.47905084,0.48125264,0.47753704,0.42919895,0.40006977,0.5033395,0.5476593,0.41685855,0.43771026
0.5375,0.425,0.4898203,0.47905084,0.48125264,0.47753704,0.34310758,0.314882,0.45763585,0.50771976,0.41949,0.43087864
0.5375,0.425,0.4898203,0.47905084,0.48125264,0.47753704,0.39857498,0.39698717,0.4738721,0.5456114,0.51403993,0.5170271
0.5375,0.425,0.4898203,0.47905084,0.48125264,0.47753704,0.41116276,0.4414801,0.50873506,0.5879205,0.48033223,0.5071048
0.5375,0.425,0.4898203,0.47905084,0.48125264,0.47753704,0.38543993,0.3990523,0.5200678,0.58960664,0.4469049,0.47019383
0.5375,0.425,0.4898203,0.47905084,0.48125264,0.47753704,0.42566282,0.41738254,0.51894593,0.59031475,0.4749479,0.5002541
0.5375,0.425,0.4898203,0.47905084,0.48125264,0.47753704,0.44642967,0.45690382,0.51682115,0.5875949,0.43856463,0.46933934
0.5375,0.425,0.4898203,0.47905084,0.48125264,0.47753704,0.40596855,0.4012213,0.51853245,0.5684172,0.43292782,0.47408637
0.5375,0.425,0.4898203,0.47905084,0.48125264,0.47753704,0.45375907,0.42807448,0.5727836,0.64575344,0.46658695,0.50873023
0.5375,0.675,0.4898203,0.47905084,0.48125264,0.47753704,0.47855398,0.44817168,0.5168171,0.48593664,0.49130386,0.45667288
0.5375,0.675,0.4898203,0.47905084,0.48125264,0.47753704,0.5371779,0.5452002,0.4950597,0.4904571,0.5584385,0.5638397
0.5375,0.675,0.4898203,0.47905084,0.48125264,0.47753704,0.5326081,0.519135,0.5062028,0.4798298,0.53007364,0.5066181
0.5375,0.675,0.4898203,0.47905084,0.48125264,0.47753704,0.53559816,0.5281705,0.5010109,0.49213067,0.50938934,0.541702
0.5375,0.675,0.4898203,0.47905084,0.48125264,0.47753704,0.4463691,0.43091556,0.49339432,0.4700938,0.5096354,0.503099
0.5375,0.675,0.4898203,0.47905084,0.48125264,0.47753704,0.54631865,0.5808778,0.52308697,0.58850026,0.6092142,0.6568536
0.5375,0.675,0.4898203,0.47905084,0.48125264,0.47753704,0.5251852,0.5543934,0.5265223,0.5800666,0.6330957,0.61551887
0.5375,0.675,0.4898203,0.47905084,0.48125264,0.47753704,0.5174313,0.54937977,0.52726126,0.5896317,0.6065613,0.6161758
0.5375,0.675,0.4898203,0.47905084,0.48125264,0.47753704,0.5127399,0.53127235,0.518445,0.56809515,0.60245186,0.6175872
0.5625,0.2375,0.4898203,0.47905084,0.48125264,0.47753704,0.46298248,0.4045613,0.47000214,0.4147767,0.4494498,0.356493
0.5625,0.2375,0.4898203,0.47905084,0.48125264,0.47753704,0.4296866,0.38862795,0.44671524,0.3959134,0.4209101,0.29076868
0.5625,0.2375,0.4898203,0.47905084,0.48125264,0.47753704,0.47392124,0.43471742,0.45578244,0.41387016,0.38387462,0.30942053
0.5625,0.2375,0.4898203,0.47905084,0.48125264,0.47753704,0.44221336,0.3978445,0.44142792,0.4065512,0.42567885,0.33963904
0.5625,0.2375,0.4898203,0.47905084,0.48125264,0.47753704,0.45208186,0.42837256,0.4525801,0.40259776,0.42148796,0.2928053
0.5625,0.2375,0.4898203,0.47905084,0.48125264,0.47753704,0.4714571,0.41898254,0.4286675,0.39731014,0.34229526,0.36978647
0.5625,0.2375,0.4898203,0.47905084,0.48125264,0.47753704,0.425336,0.396477,0.44848332,0.41788524,0.43465146,0.3788518
0.5625,0.2375,0.4898203,0.47905084,0.48125264,0.47753704,0.4784515,0.41105494,0.49588037,0.4417659,0.4462692,0.33342117
0.5625,0.2375,0.4898203,0.47905084,0.48125264,0.47753704,0.437528,0.38030607,0.400604,0.40253878,0.3927662,0.31639767
0.5125,0.325,0.4898203,0.47905084,0.48125264,0.47753704,0.5542362,0.5555918,0.54586655,0.60031945,0.4989561,0.47712502
0.5125,0.325,0.4898203,0.47905084,0.48125264,0.47753704,0.51526505,0.48954278,0.5203619,0.57254624,0.5222708,0.5083092
0.5125,0.325,0.4898203,0.47905084,0.48125264,0.47753704,0.5552602,0.5336735,0.5263915,0.5776756,0.5198512,0.48274654
0.5125,0.325,0.4898203,0.47905084,0.48125264,0.47753704,0.5272514,0.5021697,0.52452606,0.5707737,0.47039095,0.48007122
0.5125,0.325,0.4898203,0.47905084,0.48125264,0.47753704,0.5254075,0.49451196,0.5187169,0.57132375,0.4949539,0.50184995
0.5125,0.325,0.4898203,0.47905084,0.48125264,0.47753704,0.53196144,0.4961841,0.520059,0.5650596,0.49547037,0.4849783
0.5125,0.325,0.4898203,0.47905084,0.48125264,0.47753704,0.5372789,0.5090826,0.5198643,0.566472,0.5175213,0.50004137
0.5125,0.325,0.4898203,0.47905084,0.48125264,0.47753704,0.48024762,0.4715504,0.51120484,0.57192254,0.4225808,0.40472323
0.5125,0.325,0.4898203,0.47905084,0.48125264,0.47753704,0.5036869,0.514433,0.49828342,0.5577797,0.44849095,0.42846075
0.7625,0.775,0.4898203,0.47905084,0.48125264,0.47753704,0.5958632,0.6135202,0.6131413,0.65759563,0.69881296,0.6879875
0.7625,0.775,0.4898203,0.47905084,0.48125264,0.47753704,0.5859716,0.5887933,0.5794253,0.593044,0.6036029,0.66499764
0.7625,0.775,0.4898203,0.47905084,0.48125264,0.47753704,0.5204765,0.5084681,0.57039833,0.57942474,0.64986897,0.6554973
0.7625,0.775,0.4898203,0.47905084,0.48125264,0.47753704,0.524793,0.5313982,0.57104087,0.5914613,0.6067788,0.6527418
0.7625,0.775,0.4898203,0.47905084,0.48125264,0.47753704,0.5754874,0.5725661,0.5888928,0.611199,0.6209027,0.63673836
0.7625,0.775,0.4898203,0.47905084,0.48125264,0.47753704,0.52614975,0.5110278,0.60446906,0.63756347,0.5891038,0.6389566
0.7625,0.775,0.4898203,0.47905084,0.48125264,0.47753704,0.556831,0.5683332,0.61714214,0.6525148,0.63722104,0.67609394
0.7625,0.775,0.4898203,0.47905084,0.48125264,0.47753704,0.52843297,0.53104085,0.6048492,0.6449281,0.6363345,0.66840017
0.7625,0.775,0.4898203,0.47905084,0.48125264,0.47753704,0.56939554,0.59710085,0.6128382,0.6494773,0.62259907,0.6586172
0.725,0.7,0.4898203,0.47905084,0.48125264,0.47753704,0.56354094,0.5612126,0.5816285,0.58154833,0.6183625,0.63517225
0.725,0.7,0.4898203,0.47905084,0.48125264,0.47753704,0.57172203,0.5941463,0.57518816,0.59010565,0.6595063,0.6707161
0.725,0.7,0.4898203,0.47905084,0.48125264,0.47753704,0.59375036,0.62158257,0.60029805,0.6325472,0.65650433,0.6759001
0.725,0.7,0.4898203,0.47905084,0.48125264,0.47753704,0.5978266,0.6277695,0.5982171,0.63397026,0.6201024,0.6653955
0.725,0.7,0.4898203,0.47905084,0.48125264,0.47753704,0.5882363,0.622801,0.59981847,0.6273675,0.65702844,0.67017615
0.725,0.7,0.4898203,0.47905084,0.48125264,0.47753704,0.5772651,0.6009943,0.5912319,0.6277164,0.66414046,0.6811026
0.725,0.7,0.4898203,0.47905084,0.48119333,0.47741783,0.66618,0.66936374,0.62741524,0.63904786,0.58848596,0.65037185
0.725,0.7,0.4898203,0.47905084,0.48125264,0.47753704,0.6069216,0.5907039,0.62089235,0.64167196,0.61035925,0.6462867
0.725,0.7,0.4898203,0.47905084,0.48125264,0.47753704,0.67049325,0.6740331,0.6351676,0.6596122,0.61300015,0.6364818
0.475,0.4625,0.4898203,0.47905084,0.48125264,0.47753704,0.4790101,0.42134374,0.46617785,0.39863196,0.4682132,0.3678025
0.475,0.4625,0.4898203,0.47905084,0.48125264,0.47753704,0.41189966,0.3321881,0.45655614,0.3882125,0.44520205,0.30908206
0.475,0.4625,0.4898203,0.47905084,0.48125264,0.47753704,0.41068417,0.34133437,0.42963868,0.369112,0.35850722,0.27856305
0.475,0.4625,0.4898203,0.47905084,0.48125264,0.47753704,0.48666897,0.4374723,0.4809627,0.46848267,0.47915635,0.38247004
0.475,0.4625,0.4898203,0.47905084,0.48125264,0.47753704,0.42687494,0.36510047,0.40872782,0.43592525,0.3979699,0.3297878
0.475,0.4625,0.4898203,0.47905084,0.48125264,0.47753704,0.47511712,0.4247954,0.43783733,0.43051317,0.46666303,0.39644042
0.475,0.4625,0.4898203,0.47905084,0.48125264,0.47753704,0.45052338,0.38441184,0.4579631,0.42029268,0.45974338,0.40493134
0.475,0.4625,0.4898203,0.47905084,0.48125264,0.47753704,0.4509283,0.4189265,0.43817633,0.42283228,0.47178584,0.444107
0.475,0.4625,0.4898203,0.47905084,0.48125264,0.47753704,0.44930905,0.41233498,0.46050385,0.42972642,0.49452475,0.4487445
0.4,0.2875,0.4898203,0.47905084,0.48125264,0.47753704,0.381151,0.303056,0.3373937,0.27609494,0.32175824,0.22465552
0.4,0.2875,0.4898203,0.47905084,0.48125264,0.47753704,0.3682331,0.27965423,0.31349957,0.26834762,0.3862903,0.24695438
0.4,0.2875,0.4898203,0.47905084,0.48125264,0.47753704,0.37553602,0.3037052,0.31554264,0.25004053,0.28344542,0.20501739
0.4,0.2875,0.4898203,0.47905084,0.48125264,0.47753704,0.35588294,0.2847208,0.32540625,0.24524465,0.3306967,0.22188127
0.4,0.2875,0.4898203,0.47905084,0.48125264,0.47753704,0.36778215,0.29054832,0.377887,0.32638985,0.329513,0.2455863
0.4,0.2875,0.4898203,0.47905084,0.48125264,0.47753704,0.38811296,0.31986812,0.40691596,0.43196303,0.367578,0.30727834
0.4,0.2875,0.4898203,0.47905084,0.48125264,0.47753704,0.40532547,0.35706848,0.40457383,0.3992598,0.3476279,0.26064992
0.4,0.2875,0.4898203,0.47905084,0.48125264,0.47753704,0.41326618,0.36470282,0.40637952,0.37354517,0.3439477,0.26313648
0.4,0.2875,0.4898203,0.47905084,0.48125264,0.47753704,0.38039252,0.31610042,0.38767925,0.34157962,0.3856319,0.3091846
0.4625,0.3125,0.4898203,0.47905084,0.48125264,0.47753704,0.43371576,0.36537728,0.42119893,0.35360628,0.4069383,0.35757634
0.4625,0.3125,0.4898203,0.47905084,0.48125264,0.47753704,0.36919314,0.30884856,0.38430378,0.2988975,0.31738657,0.23614715
0.4625,0.3125,0.4898203,0.47905084,0.48125264,0.47753704,0.41150555,0.36619902,0.3865564,0.3549651,0.32263395,0.25989684
0.4625,0.3125,0.4898203,0.47905084,0.48125264,0.47753704,0.41856122,0.37354475,0.41954303,0.37257227,0.34536734,0.27271324
0.4625,0.3125,0.4898203,0.47905084,0.48125264,0.47753704,0.42429423,0.3690672,0.39948618,0.35036364,0.35421625,0.25495794
0.4625,0.3125,0.4898203,0.47905084,0.48125264,0.47753704,0.38228324,0.3327413,0.3747614,0.36724842,0.33385557,0.25141275
0.4625,0.3125,0.4898203,0.47905084,0.48125264,0.47753704,0.41435564,0.35818782,0.39781883,0.3474091,0.3140709,0.25091448
0.4625,0.3125,0.4898203,0.47905084,0.48125264,0.47753704,0.42882568,0.36811918,0.42215925,0.3548603,0.31729466,0.24450013
0.4625,0.3125,0.4898203,0.47905084,0.48125264,0.47753704,0.37020087,0.2961013,0.37561902,0.31687734,0.36253807,0.23704866
0.4,0.5,0.4898203,0.47905084,0.48125264,0.47753704,0.39285412,0.30552077,0.35562804,0.2870545,0.31936818,0.1827897
0.4,0.5,0.4898203,0.47905084,0.48125264,0.47753704,0.3503701,0.2626306,0.30904788,0.27885455,0.4086982,0.22760876
0.4,0.5,0.4898203,0.47905084,0.48125264,0.47753704,0.4427662,0.3744504,0.32551003,0.28651446,0.38826194,0.4929561
0.4,0.5,0.4898203,0.47905084,0.48125264,0.47753704,0.4418506,0.394568,0.4291573,0.36426067,0.41883618,0.3629608
0.4,0.5,0.4898203,0.47905084,0.48125264,0.47753704,0.46574184,0.4147954,0.45828345,0.38542235,0.4746275,0.4021403
0.4,0.5,0.4898203,0.47905084,0.48125264,0.47753704,0.45986575,0.40785864,0.4730002,0.40449393,0.49718168,0.43922198
0.4,0.5,0.4898203,0.47905084,0.48125264,0.47753704,0.46011937,0.4072292,0.45715433,0.38945827,0.39170915,0.3863378
0.4,0.5,0.4898203,0.47905084,0.48125264,0.47753704,0.42643058,0.36979657,0.4508704,0.38287783,0.4782535,0.4710189
0.4,0.5,0.4898203,0.47905084,0.48125264,0.47753704,0.427553,0.38027006,0.45034626,0.3804233,0.48183528,0.45493695
0.325,0.2375,0.4898203,0.47905084,0.48125264,0.47753704,0.42182535,0.33593723,0.3887825,0.27248675,0.3263149,0.231338
0.325,0.2375,0.4898203,0.47905084,0.48125264,0.47753704,0.3727803,0.27051502,0.41015422,0.2850366,0.37130898,0.32269308
0.325,0.2375,0.4898203,0.47905084,0.48125264,0.47753704,0.36344934,0.2691544,0.41539577,0.3101337,0.35410684,0.22859044
0.325,0.2375,0.4898203,0.47905084,0.48125264,0.47753704,0.36897734,0.2692564,0.40692437,0.30550697,0.40765145,0.25536215
0.325,0.2375,0.4898203,0.47905084,0.48125264,0.47753704,0.3671961,0.267286,0.38806129,0.31050324,0.40006307,0.26833227
0.325,0.2375,0.4898203,0.47905084,0.48125264,0.47753704,0.3640741,0.26187375,0.38733467,0.30918437,0.39814857,0.27592507
0.325,0.2375,0.4898203,0.47905084,0.48125264,0.47753704,0.39062876,0.30044782,0.4005126,0.2840927,0.35349658,0.2213967
0.325,0.2375,0.4898203,0.47905084,0.48125264,0.47753704,0.40887076,0.3280654,0.39262348,0.30387527,0.37464374,0.2256824
0.325,0.2375,0.4898203,0.47905084,0.48125264,0.47753704,0.39880812,0.3166191,0.37131283,0.31074607,0.39966217,0.27165827
0.45,0.2625,0.4898203,0.47905084,0.48125264,0.47753704,0.38087106,0.28271165,0.3365367,0.2524563,0.34343547,0.2080061
0.45,0.2625,0.4898203,0.47905084,0.48125264,0.47753704,0.38128534,0.28873473,0.3269466,0.24423358,0.361529,0.20963442
0.45,0.2625,0.4898203,0.47905084,0.48125264,0.47753704,0.3681937,0.26841074,0.33349726,0.24862356,0.3340827,0.18469709
0.45,0.2625,0.4898203,0.47905084,0.48125264,0.47753704,0.36735645,0.26899987,0.34438837,0.26026458,0.35181043,0.2157888
0.45,0.2625,0.4898203,0.47905084,0.48125264,0.47753704,0.38802528,0.29566553,0.35473555,0.2618996,0.3284202,0.20995697
0.45,0.2625,0.4898203,0.47905084,0.48125264,0.47753704,0.36360162,0.26520902,0.34578472,0.25975066,0.38741058,0.2107328
0.45,0.2625,0.4898203,0.47905084,0.48125264,0.47753704,0.37846366,0.2835821,0.33133078,0.25046065,0.34470215,0.21220344
0.45,0.2625,0.4898203,0.47905084,0.48125264,0.47753704,0.37995377,0.295411,0.35142726,0.28149807,0.3453771,0.21819152
0.45,0.2625,0.4898203,0.47905084,0.48125264,0.47753704,0.42441154,0.34439027,0.38838658,0.3106714,0.44878578,0.2969026
0.5125,0.325,0.4898203,0.47905084,0.48125264,0.47753704,0.41274267,0.34416115,0.4008816,0.31450236,0.39265054,0.27839217
0.5125,0.325,0.4898203,0.47905084,0.48125264,0.47753704,0.43005717,0.36915624,0.4427916,0.3569671,0.5387399,0.41177836
0.5125,0.325,0.4898203,0.47905084,0.48125264,0.47753704,0.3964826,0.3251804,0.41061342,0.3175944,0.47292995,0.3191044
0.5125,0.325,0.4898203,0.47905084,0.48125264,0.47753704,0.41313648,0.34459573,0.41973808,0.33526337,0.4025383,0.31661195
0.5125,0.325,0.4898203,0.47905084,0.48125264,0.47753704,0.39124694,0.31770235,0.42187268,0.3255179,0.5451625,0.39005902
0.5125,0.325,0.4898203,0.47905084,0.48125264,0.47753704,0.3855914,0.30407703,0.4053128,0.31333232,0.4487284,0.26636916
0.5125,0.325,0.4898203,0.47905084,0.48125264,0.47753704,0.3736708,0.2911025,0.3876202,0.29355136,0.47599077,0.2861276
0.5125,0.325,0.4898203,0.47905084,0.48125264,0.47753704,0.34847498,0.2521027,0.38444602,0.28415167,0.40722683,0.2819821
0.5125,0.325,0.4898203,0.47905084,0.48125264,0.47753704,0.36627942,0.27364978,0.38248163,0.28900725,0.35950288,0.20397007
0.3875,0.4,0.4898203,0.47905084,0.48125264,0.47753704,0.44332033,0.4312175,0.42092553,0.3949324,0.37890667,0.32994613
0.3875,0.4,0.4898203,0.47905084,0.48125264,0.47753704,0.48451892,0.48050815,0.4917283,0.44848344,0.3829421,0.32228014
0.3875,0.4,0.4898203,0.47905084,0.48125264,0.47753704,0.42827693,0.3868872,0.447712,0.39090872,0.3989313,0.33822924
0.3875,0.4,0.4898203,0.47905084,0.48125264,0.47753704,0.45480245,0.4340182,0.4512076,0.40168217,0.38198802,0.33188328
0.3875,0.4,0.4898203,0.47905084,0.48125264,0.47753704,0.4401796,0.41503677,0.41835925,0.36904836,0.38430294,0.34417844
0.3875,0.4,0.4898203,0.47905084,0.48125264,0.47753704,0.4646448,0.4323566,0.4580534,0.3750115,0.40529275,0.31468883
0.3875,0.4,0.4898203,0.47905084,0.48125264,0.47753704,0.38082033,0.31573397,0.41964024,0.33289784,0.41989425,0.28726044
0.3875,0.4,0.4898203,0.47905084,0.48125264,0.47753704,0.47492647,0.4810152,0.4521887,0.42055503,0.44842762,0.37689766
0.3875,0.4,0.4898203,0.47905084,0.48125264,0.47753704,0.45692506,0.4262941,0.44957128,0.38360962,0.36057955,0.30634654
0.3375,0.125,0.4898203,0.47905084,0.48125264,0.47753704,0.34084868,0.2851099,0.3892871,0.2992176,0.3861881,0.27986497
0.3375,0.125,0.4898203,0.47905084,0.48125264,0.47753704,0.36595163,0.29664016,0.3724056,0.2970058,0.38291952,0.31659636
0.3375,0.125,0.4898203,0.47905084,0.48125264,0.47753704,0.37891224,0.29851788,0.38798472,0.2970656,0.39612344,0.2822507
0.3375,0.125,0.4898203,0.47905084,0.48125264,0.47753704,0.3711591,0.3030088,0.38919267,0.31559348,0.34093732,0.245087
0.3375,0.125,0.4898203,0.47905084,0.48125264,0.47753704,0.34699753,0.26549965,0.3619091,0.28749147,0.36317083,0.26793608
0.3375,0.125,0.4898203,0.47905084,0.48125264,0.47753704,0.35764444,0.2889111,0.35315895,0.2717833,0.4241831,0.31475213
0.3375,0.125,0.4898203,0.47905084,0.48125264,0.47753704,0.40593323,0.35329545,0.3678929,0.30255187,0.377698,0.412346
0.3375,0.125,0.4898203,0.47905084,0.48125264,0.47753704,0.40321755,0.3465513,0.37948528,0.30005616,0.42869303,0.36094853
0.3375,0.125,0.4898203,0.47905084,0.48125264,0.47753704,0.3585778,0.27865303,0.351748,0.26905146,0.33574283,0.21812966
0.7875,0.725,0.4898203,0.47905084,0.48125264,0.47753704,0.5486438,0.55991775,0.58560514,0.63829094,0.59170836,0.63570446
0.7875,0.725,0.4898203,0.47905084,0.48125264,0.47753704,0.52186817,0.51955515,0.578213,0.6275903,0.53037167,0.5474714
0.7875,0.725,0.4898203,0.47905084,0.48125264,0.47753704,0.5116937,0.51582474,0.57312465,0.63514614,0.6184796,0.6120121
0.7875,0.725,0.4898203,0.47905084,0.48125264,0.47753704,0.53539026,0.5229602,0.5764436,0.5951395,0.57366526,0.55425656
0.7875,0.725,0.4898203,0.47905084,0.48125264,0.47753704,0.55125344,0.5280314,0.58506715,0.6103971,0.59733826,0.595299
0.7875,0.725,0.4898203,0.47905084,0.48125264,0.47753704,0.5859656,0.6223589,0.58373976,0.6314285,0.66665757,0.67204374
0.7875,0.725,0.4898203,0.47905084,0.48125264,0.47753704,0.549248,0.553776,0.58774155,0.637206,0.58454454,0.63828456
0.7875,0.725,0.4898203,0.47905084,0.48125264,0.47753704,0.535826,0.5302075,0.577959,0.6317365,0.58516514,0.62579995
0.7875,0.725,0.4898203,0.47905084,0.48125264,0.47753704,0.5160987,0.51708865,0.571867,0.62541044,0.5733542,0.5645171
0.5125,0.4375,0.4898203,0.47905084,0.48125264,0.47753704,0.4556169,0.4088138,0.49272805,0.4343197,0.48601764,0.41780505
0.5125,0.4375,0.4898203,0.47905084,0.48125264,0.47753704,0.4937433,0.46709675,0.48705137,0.4565361,0.5031915,0.4125544
0.5125,0.4375,0.4898203,0.47905084,0.48125264,0.47753704,0.45463902,0.43937993,0.50238955,0.49476603,0.47475433,0.374211
0.5125,0.4375,0.4898203,0.47905084,0.48125264,0.47753704,0.43177626,0.4000998,0.5142817,0.49184465,0.51648176,0.44398305
0.5125,0.4375,0.4898203,0.47905084,0.48125264,0.47753704,0.5053835,0.47250813,0.47602683,0.5044663,0.4680693,0.43251222
0.5125,0.4375,0.4898203,0.47905084,0.48125264,0.47753704,0.5297591,0.53446484,0.48276824,0.5385723,0.51025504,0.48167917
0.5125,0.4375,0.4898203,0.47905084,0.48125264,0.47753704,0.48774064,0.4819069,0.46476075,0.52019626,0.4882841,0.41293564
0.5125,0.4375,0.4898203,0.47905084,0.48125264,0.47753704,0.501635,0.4948957,0.49042743,0.5456939,0.47404644,0.47224194
0.5125,0.4375,0.4898203,0.47905084,0.48125264,0.47753704,0.45825818,0.44797975,0.4875285,0.5512898,0.45835754,0.4124506
0.475,0.5375,0.4898203,0.47905084,0.48125264,0.47753704,0.448923,0.40649232,0.4496047,0.37510058,0.5067937,0.47156808
0.475,0.5375,0.4898203,0.47905084,0.48125264,0.47753704,0.47248924,0.47213805,0.45072728,0.43734765,0.51252806,0.5004594
0.475,0.5375,0.4898203,0.47905084,0.48125264,0.47753704,0.4704244,0.46315968,0.47328123,0.46079552,0.47253886,0.43338668
0.475,0.5375,0.4898203,0.47905084,0.48125264,0.47753704,0.49387273,0.49836868,0.46334514,0.45787516,0.4927088,0.5143681
0.475,0.5375,0.4898203,0.47905084,0.48125264,0.47753704,0.4686488,0.44200414,0.46713835,0.4338426,0.5395367,0.49967152
0.475,0.5375,0.4898203,0.47905084,0.48125264,0.47753704,0.4364431,0.40617406,0.46482345,0.40289977,0.5011585,0.46452245
0.475,0.5375,0.4898203,0.47905084,0.48125264,0.47753704,0.45307,0.43128592,0.47045437,0.45509902,0.5045446,0.50478566
0.475,0.5375,0.4898203,0.47905084,0.48125264,0.47753704,0.49397552,0.47282535,0.46429193,0.42083135,0.53334284,0.48440048
0.475,0.5375,0.4898203,0.47905084,0.48125264,0.47753704,0.45592523,0.44118863,0.47434306,0.5131777,0.51786697,0.50217205
0.625,0.6125,0.4898203,0.47905084,0.48125264,0.47753704,0.53523964,0.51345897,0.5466343,0.5344796,0.5430123,0.57492286
0.625,0.6125,0.4898203,0.47905084,0.48125264,0.47753704,0.5532881,0.5561568,0.57050997,0.6284143,0.5775113,0.5968543
0.625,0.6125,0.4898203,0.47905084,0.48125264,0.47753704,0.52911884,0.5236062,0.55755097,0.60403955,0.5987034,0.6202888
0.625,0.6125,0.4898203,0.47905084,0.48125264,0.47753704,0.53835475,0.53622115,0.5634489,0.6081799,0.58926684,0.6285789
0.625,0.6125,0.4898203,0.47905084,0.48125264,0.47753704,0.5317207,0.5152014,0.56037617,0.61163294,0.5952243,0.5842031
0.625,0.6125,0.4898203,0.47905084,0.48125264,0.47753704,0.51531714,0.5109943,0.54961294,0.58549446,0.52733994,0.5867892
0.625,0.6125,0.4898203,0.47905084,0.48125264,0.47753704,0.5218163,0.5061319,0.5515288,0.5882824,0.51219255,0.5545732
0.625,0.6125,0.4898203,0.47905084,0.48125264,0.47753704,0.5363134,0.5291618,0.5502701,0.58609605,0.48879,0.54373777
0.625,0.6125,0.4898203,0.47905084,0.48125264,0.47753704,0.5609236,0.5465683,0.55472076,0.5768895,0.52186656,0.5673745
0.6125,0.55,0.4898203,0.47905084,0.48125264,0.47753704,0.5029067,0.47556794,0.50538504,0.47367248,0.4982824,0.46646437
0.6125,0.55,0.4898203,0.47905084,0.48125264,0.47753704,0.48211,0.43198568,0.49986488,0.44630772,0.520387,0.4362519
0.6125,0.55,0.4898203,0.47905084,0.48125264,0.47753704,0.43796828,0.39565426,0.49068317,0.44209737,0.5045862,0.4596052
0.6125,0.55,0.4898203,0.47905084,0.48125264,0.47753704,0.45847574,0.45455456,0.5109924,0.48896122,0.46239588,0.46810022
0.6125,0.55,0.4898203,0.47905084,0.48125264,0.47753704,0.41410148,0.37025583,0.448418,0.38582915,0.38021985,0.34341374
0.6125,0.55,0.4898203,0.47905084,0.48125264,0.47753704,0.46462777,0.43428063,0.44260716,0.37548825,0.4050202,0.38249934
0.6125,0.55,0.4898203,0.47905084,0.48125264,0.47753704,0.46651068,0.44661248,0.46376175,0.40777194,0.42400885,0.40796307
0.6125,0.55,0.4898203,0.47905084,0.48125264,0.47753704,0.4798126,0.4794035,0.49225065,0.44060022,0.40251684,0.36054063
0.6125,0.55,0.4898203,0.47905084,0.48125264,0.47753704,0.4687999,0.44214422,0.49201545,0.43694428,0.4256592,0.36751458
0.5375,0.5375,0.4898203,0.47905084,0.48125264,0.47753704,0.60082185,0.60283613,0.54141086,0.52269655,0.56221795,0.5119523
0.5375,0.5375,0.4898203,0.47905084,0.48125264,0.47753704,0.56691885,0.56898874,0.5320103,0.5214057,0.5346453,0.51220816
0.5375,0.5375,0.4898203,0.47905084,0.48125264,0.47753704,0.54117763,0.5070062,0.5083566,0.48970485,0.4949306,0.45672742
0.5375,0.5375,0.4898203,0.47905084,0.48125264,0.47753704,0.52598757,0.4978599,0.5287051,0.50157166,0.53901714,0.49926773
0.5375,0.5375,0.4898203,0.47905084,0.48125264,0.47753704,0.560314,0.5481775,0.5427681,0.5367328,0.51688945,0.48321715
0.5375,0.5375,0.4898203,0.47905084,0.48125264,0.47753704,0.5915041,0.5664529,0.51309013,0.49967858,0.5450287,0.5461917
0.5375,0.5375,0.4898203,0.47905084,0.48125264,0.47753704,0.54714996,0.5346554,0.5256895,0.51544595,0.5403888,0.5259453
0.5375,0.5375,0.4898203,0.47905084,0.48125264,0.47753704,0.5304816,0.48719257,0.52674603,0.50054663,0.5161412,0.4845446
0.5375,0.5375,0.4898203,0.47905084,0.48125264,0.47753704,0.58187354,0.5694387,0.5434909,0.5134226,0.5300889,0.4879638
0.55,0.5875,0.4898203,0.47905084,0.48125264,0.47753704,0.5303722,0.54282933,0.49999535,0.5155681,0.4830168,0.45499608
0.55,0.5875,0.4898203,0.47905084,0.48125264,0.47753704,0.50326914,0.48750395,0.5090591,0.51540625,0.44220117,0.38720235
0.55,0.5875,0.4898203,0.47905084,0.48125264,0.47753704,0.5510814,0.5520031,0.49093348,0.48710006,0.49218637,0.43020454
0.55,0.5875,0.4898203,0.47905084,0.48125264,0.47753704,0.45477113,0.43865615,0.4637083,0.4556681,0.35774413,0.36801663
0.55,0.5875,0.4898203,0.47905084,0.48125264,0.47753704,0.4523177,0.41484195,0.46801227,0.4693252,0.49098137,0.44065765
0.55,0.5875,0.4898203,0.47905084,0.48125264,0.47753704,0.5004552,0.48140234,0.45532542,0.45241308,0.3872916,0.37613964
0.55,0.5875,0.4898203,0.47905084,0.48125264,0.47753704,0.45887077,0.44826698,0.45513335,0.4647462,0.45537898,0.38188174
0.55,0.5875,0.4898203,0.47905084,0.48125264,0.47753704,0.4690817,0.43396232,0.45417988,0.46212795,0.40038186,0.34833637
0.55,0.5875,0.4898203,0.47905084,0.48125264,0.47753704,0.4798944,0.46799135,0.4666074,0.46805733,0.43488288,0.37866935
0.5125,0.475,0.4898203,0.47905084,0.48125264,0.47753704,0.43382072,0.35459846,0.5136261,0.4940362,0.444735,0.36267167
0.5125,0.475,0.4898203,0.47905084,0.48125264,0.47753704,0.46805352,0.41503447,0.513155,0.48767582,0.43694547,0.37422755
0.5125,0.475,0.4898203,0.47905084,0.48125264,0.47753704,0.5250952,0.4864862,0.5053396,0.4997342,0.43058518,0.44570634
0.5125,0.475,0.4898203,0.47905084,0.48125264,0.47753704,0.48553264,0.41690296,0.51198345,0.49145997,0.43442973,0.37338874
0.5125,0.475,0.4898203,0.47905084,0.48125264,0.47753704,0.51708007,0.46471912,0.5213031,0.4914276,0.46446824,0.37206313
0.5125,0.475,0.4898203,0.47905084,0.48125264,0.47753704,0.50667554,0.44484353,0.5133909,0.48470217,0.43994462,0.33436632
0.5125,0.475,0.4898203,0.47905084,0.48125264,0.47753704,0.51366234,0.47050828,0.507004,0.5029121,0.46171916,0.3838389
0.5125,0.475,0.4898203,0.47905084,0.48125264,0.47753704,0.41599393,0.33369958,0.51135826,0.48734528,0.41407,0.33884773
0.5125,0.475,0.4898203,0.47905084,0.48125264,0.47753704,0.43751127,0.37931642,0.5169692,0.49201107,0.46258014,0.41684875
0.6125,0.3,0.4898203,0.47905084,0.48125264,0.47753704,0.4959128,0.42137325,0.45391896,0.41481966,0.49319118,0.34943125
0.6125,0.3,0.4898203,0.47905084,0.48125264,0.47753704,0.46305537,0.37795377,0.36489218,0.3927083,0.44862458,0.2282778
0.6125,0.3,0.4898203,0.47905084,0.42388067,0.22843283,0.4879699,0.4193533,0.36705858,0.4432421,0.34028146,0.23856369
0.6125,0.3,0.4898203,0.47905084,0.48125264,0.47753704,0.46538168,0.3940869,0.3397318,0.3119203,0.4180488,0.33982217
0.6125,0.3,0.4898203,0.47905084,0.48125264,0.47753704,0.528401,0.47928244,0.4661543,0.43901443,0.483559,0.41137943
0.6125,0.3,0.4898203,0.47905084,0.48125264,0.47753704,0.46454123,0.4037966,0.46570778,0.4190568,0.47276577,0.4032737
0.6125,0.3,0.4898203,0.47905084,0.48125264,0.47753704,0.50170267,0.46033317,0.48307815,0.45244294,0.45712373,0.40074658
0.6125,0.3,0.4898203,0.47905084,0.48125264,0.47753704,0.52870536,0.46177912,0.47776377,0.4193923,0.4782428,0.3812144
0.6125,0.3,0.4898203,0.47905084,0.48125264,0.47753704,0.51422006,0.46014357,0.4829364,0.44806644,0.4623966,0.4261588
0.6625,0.4625,0.4898203,0.47905084,0.48125264,0.47753704,0.564073,0.5386949,0.5138756,0.5302148,0.45615706,0.49798542
0.6625,0.4625,0.4898203,0.47905084,0.48125264,0.47753704,0.5102729,0.5025668,0.5251172,0.5459411,0.45726588,0.46252462
0.6625,0.4625,0.4898203,0.47905084,0.48125264,0.47753704,0.53075397,0.5043299,0.52368426,0.55474734,0.48703718,0.46757832
0.6625,0.4625,0.4898203,0.47905084,0.48125264,0.47753704,0.5896574,0.5933115,0.52051663,0.5417671,0.4369141,0.5070019
0.6625,0.4625,0.4898203,0.47905084,0.48125264,0.47753704,0.5502269,0.5561682,0.50942254,0.5497651,0.45841122,0.47566903
0.6625,0.4625,0.4898203,0.47905084,0.48125264,0.47753704,0.54260415,0.52236956,0.51776433,0.54147226,0.4743258,0.47673485
0.6625,0.4625,0.4898203,0.47905084,0.48125264,0.47753704,0.58532655,0.5531706,0.52045333,0.54802257,0.5188649,0.47924384
0.6625,0.4625,0.4898203,0.47905084,0.48125264,0.47753704,0.5985993,0.56439054,0.5027417,0.52425647,0.53035575,0.50067073
0.6625,0.4625,0.4898203,0.47905084,0.48125264,0.47753704,0.5767707,0.5539089,0.5104493,0.5363071,0.51437175,0.53964275
0.525,0.45,0.4898203,0.47905084,0.48125264,0.47753704,0.49208853,0.49883008,0.44670355,0.47056392,0.581418,0.56707656
0.525,0.45,0.4898203,0.47905084,0.48125264,0.47753704,0.5660943,0.5496157,0.43954286,0.4769193,0.51950085,0.5178356
0.525,0.45,0.4898203,0.47905084,0.48125264,0.47753704,0.526739,0.5155233,0.43125162,0.464948,0.5568894,0.51601714
0.525,0.45,0.4898203,0.47905084,0.48125264,0.47753704,0.4678281,0.4635076,0.3737576,0.41777605,0.5418962,0.5474087
0.525,0.45,0.4898203,0.47905084,0.48125264,0.47753704,0.4778039,0.47063953,0.4073063,0.46012977,0.5282597,0.5457854
0.525,0.45,0.4898203,0.47905084,0.48125264,0.47753704,0.39957574,0.3495646,0.31277394,0.4018948,0.42728153,0.40944138
0.525,0.45,0.4898203,0.47905084,0.48125264,0.47753704,0.3675252,0.3129214,0.27645397,0.32751018,0.35302672,0.2071997
0.525,0.45,0.4898203,0.47905084,0.48125264,0.47753704,0.34433085,0.32844675,0.2816245,0.3381511,0.39729685,0.40860966
0.525,0.45,0.4898203,0.47905084,0.48125264,0.47753704,0.42654595,0.41177568,0.39643043,0.4082144,0.35328847,0.5523599
0.475,0.475,0.4898203,0.47905084,0.48125264,0.47753704,0.48630685,0.47221494,0.4737143,0.4536181,0.38267025,0.353365
0.475,0.475,0.4898203,0.47905084,0.48125264,0.47753704,0.53158224,0.50530404,0.4949908,0.487817,0.4860558,0.49249536
0.475,0.475,0.4898203,0.47905084,0.48125264,0.47753704,0.5141274,0.50102925,0.5041857,0.47949365,0.47177786,0.52410936
0.475,0.475,0.4898203,0.47905084,0.48125264,0.47753704,0.4938621,0.46907145,0.50697595,0.4837492,0.53739697,0.55858123
0.475,0.475,0.4898203,0.47905084,0.48125264,0.47753704,0.51322013,0.49905157,0.49351442,0.4667967,0.48094767,0.46399838
0.475,0.475,0.4898203,0.47905084,0.48125264,0.47753704,0.4990156,0.4899357,0.51116407,0.504516,0.53108835,0.52134883
0.475,0.475,0.4898203,0.47905084,0.48125264,0.47753704,0.5124808,0.48315734,0.51074976,0.49419978,0.4357228,0.43857834
0.475,0.475,0.4898203,0.47905084,0.48125264,0.47753704,0.48612007,0.46503395,0.46126604,0.43320954,0.46348378,0.45483473
0.475,0.475,0.4898203,0.47905084,0.48125264,0.47753704,0.48956662,0.46189082,0.4437026,0.40769127,0.40651998,0.3797704
0.375,0.6,0.4898203,0.47905084,0.48125264,0.47753704,0.5001383,0.5046851,0.50640035,0.5662766,0.48396823,0.5893106
0.375,0.6,0.4898203,0.47905084,0.48125264,0.47753704,0.56483114,0.58707607,0.48551345,0.536638,0.47511706,0.54521257
0.375,0.6,0.4898203,0.47905084,0.48125264,0.47753704,0.5348886,0.54141134,0.497907,0.5382875,0.52159923,0.56443065
0.375,0.6,0.4898203,0.47905084,0.48125264,0.47753704,0.5343284,0.5402026,0.48679492,0.5319633,0.45301592,0.5035774
0.375,0.6,0.4898203,0.47905084,0.48125264,0.47753704,0.5352085,0.5651205,0.49334687,0.5402092,0.48440787,0.57734954
0.375,0.6,0.4898203,0.47905084,0.48125264,0.47753704,0.52952296,0.5464405,0.48802656,0.53575253,0.4469736,0.50381345
0.375,0.6,0.4898203,0.47905084,0.48125264,0.47753704,0.52876,0.54923433,0.4839086,0.52443105,0.5039033,0.60152036
0.375,0.6,0.4898203,0.47905084,0.48125264,0.47753704,0.5564337,0.57557815,0.54651064,0.60005677,0.5833804,0.56903917
0.375,0.6,0.4898203,0.47905084,0.48125264,0.47753704,0.5541945,0.5681476,0.50839794,0.5589726,0.47306815,0.55324775
0.6,0.525,0.4898203,0.47905084,0.48125264,0.47753704,0.53597075,0.52810365,0.54984355,0.54284465,0.544929,0.6046142
0.6,0.525,0.4898203,0.47905084,0.48125264,0.47753704,0.5088823,0.4948988,0.556986,0.52772516,0.58591527,0.6008722
0.6,0.525,0.4898203,0.47905084,0.48125264,0.47753704,0.42805654,0.35885358,0.4281128,0.38578725,0.55078846,0.5674098
0.6,0.525,0.4898203,0.47905084,0.48125264,0.47753704,0.38184988,0.31435412,0.36354834,0.28238663,0.29928842,0.2589232
0.6,0.525,0.4898203,0.47905084,0.48125264,0.47753704,0.43053457,0.37519282,0.39226708,0.34728053,0.48703352,0.3978413
0.6,0.525,0.4898203,0.47905084,0.48125264,0.47753704,0.46132016,0.40483874,0.44803232,0.38072455,0.42039332,0.42322576
0.6,0.525,0.4898203,0.47905084,0.48125264,0.47753704,0.5103243,0.50237477,0.53731257,0.5183098,0.5896295,0.5984531
0.6,0.525,0.4898203,0.47905084,0.48125264,0.47753704,0.53662264,0.5340425,0.56608754,0.5702382,0.5053445,0.5404434
0.6,0.525,0.4898203,0.47905084,0.48125264,0.47753704,0.5613753,0.5691805,0.5812332,0.5937402,0.5503299,0.64114994
0.375,0.5,0.4898203,0.47905084,0.48125264,0.47753704,0.5244773,0.5113048,0.4332832,0.4182068,0.45193136,0.39994633
0.375,0.5,0.4898203,0.47905084,0.48125264,0.47753704,0.41500866,0.42552936,0.3895244,0.3398724,0.39115608,0.37957156
0.375,0.5,0.4898203,0.47905084,0.48125264,0.47753704,0.41245112,0.3635298,0.34981906,0.28523403,0.39784017,0.28348786
0.375,0.5,0.4898203,0.47905084,0.48125264,0.47753704,0.34865618,0.27712637,0.32459992,0.2650807,0.4107028,0.30350092
0.375,0.5,0.4898203,0.47905084,0.48125264,0.47753704,0.3709265,0.3250121,0.34573925,0.26808727,0.39161617,0.33278286
0.375,0.5,0.4898203,0.47905084,0.48125264,0.47753704,0.4274932,0.39672965,0.4070773,0.3679063,0.39640224,0.32618424
0.375,0.5,0.4898203,0.47905084,0.48125264,0.47753704,0.47702783,0.46996528,0.5047225,0.46787575,0.54481566,0.52646893
0.375,0.5,0.4898203,0.47905084,0.48125264,0.47753704,0.46064287,0.42492607,0.47694185,0.43588325,0.4657947,0.4038881
0.375,0.5,0.4898203,0.47905084,0.48125264,0.47753704,0.5554307,0.54558367,0.5501082,0.5572777,0.5901868,0.61084735
0.5625,0.5,0.4898203,0.47905084,0.48125264,0.47753704,0.6041146,0.5724676,0.5663556,0.6023052,0.5777594,0.5403946
0.5625,0.5,0.4898203,0.47905084,0.48041287,0.47671506,0.5286705,0.499942,0.55305356,0.5670547,0.5631525,0.5292679
0.5625,0.5,0.4898203,0.47905084,0.48125264,0.47753704,0.62057126,0.6371511,0.5465561,0.5754814,0.5801189,0.5243076
0.5625,0.5,0.4898203,0.47905084,0.48125264,0.47753704,0.53224474,0.48042274,0.570824,0.6051219,0.5528037,0.5220814
0.5625,0.5,0.4898203,0.47905084,0.48125264,0.47753704,0.5955368,0.5712196,0.5355321,0.55304486,0.5300878,0.49985057
0.5625,0.5,0.4898203,0.47905084,0.48125264,0.47753704,0.5844828,0.58768,0.5701634,0.59075826,0.5605077,0.55692273
0.5625,0.5,0.4898203,0.47905084,0.48125264,0.47753704,0.56750166,0.5948672,0.57406455,0.59531665,0.5587497,0.5959636
0.5625,0.5,0.4898203,0.47905084,0.48125264,0.47753704,0.54559046,0.5570039,0.5658965,0.5714874,0.53301704,0.5759459
0.5625,0.5,0.4898203,0.47905084,0.48125264,0.47753704,0.54154974,0.5593482,0.5673437,0.58156127,0.55911916,0.57141614
0.6,0.4875,0.4898203,0.47905084,0.48125264,0.47753704,0.5196739,0.5002136,0.48070717,0.45287675,0.58649015,0.5923408
0.6,0.4875,0.4898203,0.47905084,0.48125264,0.47753704,0.53754663,0.5753642,0.49181324,0.46563557,0.43535045,0.45249563
0.6,0.4875,0.4898203,0.47905084,0.48125264,0.47753704,0.47038138,0.46417284,0.4860206,0.47158465,0.49060348,0.4904117
0.6,0.4875,0.4898203,0.47905084,0.48125264,0.47753704,0.48717725,0.49641103,0.45455384,0.46550986,0.47819313,0.47393262
0.6,0.4875,0.4898203,0.47905084,0.48125264,0.47753704,0.53427815,0.51653725,0.5052391,0.48381755,0.5685563,0.5217733
0.6,0.4875,0.4898203,0.47905084,0.48125264,0.47753704,0.4914648,0.4776553,0.4513883,0.45330897,0.5019588,0.43563244
0.6,0.4875,0.4898203,0.47905084,0.48125264,0.47753704,0.37122384,0.34533697,0.37834227,0.32734627,0.36448377,0.32896456
0.6,0.4875,0.4898203,0.47905084,0.48125264,0.47753704,0.3296488,0.2784766,0.3533907,0.33673602,0.311879,0.32429063
0.6,0.4875,0.4898203,0.47905084,0.48125264,0.47753704,0.5172061,0.53036433,0.5012114,0.4941638,0.52989966,0.5051111
0.5,0.3625,0.4898203,0.47905084,0.48125264,0.47753704,0.43241364,0.3588025,0.42818904,0.34508345,0.40520546,0.2802092
0.5,0.3625,0.4898203,0.47905084,0.48125264,0.47753704,0.45138502,0.39115876,0.4288565,0.33721507,0.38828084,0.2948419
0.5,0.3625,0.4898203,0.47905084,0.48125264,0.47753704,0.42484027,0.35514987,0.44515723,0.35988328,0.42076778,0.27830964
0.5,0.3625,0.4898203,0.47905084,0.48125264,0.47753704,0.4366939,0.37246603,0.43543848,0.34912044,0.39051026,0.27237788
0.5,0.3625,0.4898203,0.47905084,0.48125264,0.47753704,0.43481192,0.36739105,0.4501986,0.36985263,0.4390321,0.33500057
0.5,0.3625,0.4898203,0.47905084,0.48125264,0.47753704,0.42287633,0.3647403,0.43486753,0.34919167,0.4529082,0.3463699
0.5,0.3625,0.4898203,0.47905084,0.48125264,0.47753704,0.40393013,0.32024044,0.40134785,0.30926946,0.35360116,0.28570583
0.5,0.3625,0.4898203,0.47905084,0.48125264,0.47753704,0.44190145,0.402632,0.45494723,0.4413055,0.48252398,0.4181131
0.5,0.3625,0.4898203,0.47905084,0.48125264,0.47753704,0.5039487,0.49306303,0.5178788,0.50986385,0.5046688,0.47943693
0.4125,0.5,0.4898203,0.47905084,0.48125264,0.47753704,0.55444646,0.56114477,0.53430396,0.5786508,0.4886832,0.5398449
0.4125,0.5,0.4898203,0.47905084,0.48125264,0.47753704,0.5000082,0.48955256,0.5311457,0.5777433,0.51708156,0.54284
0.4125,0.5,0.4898203,0.47905084,0.48125264,0.47753704,0.530917,0.53523237,0.51118386,0.5690757,0.526584,0.6290008
0.4125,0.5,0.4898203,0.47905084,0.48125264,0.47753704,0.54275537,0.53988487,0.5435262,0.58892936,0.5386042,0.63536865
0.4125,0.5,0.4898203,0.47905084,0.48125264,0.47753704,0.5509176,0.5601991,0.4978617,0.53501904,0.51295143,0.5497608
0.4125,0.5,0.4898203,0.47905084,0.48125264,0.47753704,0.53588784,0.53554326,0.53355145,0.5818356,0.5005626,0.5512881
0.4125,0.5,0.4898203,0.47905084,0.48125264,0.47753704,0.52682024,0.5257344,0.5039759,0.5457158,0.4948075,0.53193724
0.4125,0.5,0.4898203,0.47905084,0.48125264,0.47753704,0.53943926,0.5361732,0.51665473,0.56105846,0.51322657,0.47771886
0.4125,0.5,0.4898203,0.47905084,0.48125264,0.47753704,0.52570385,0.5358118,0.5014597,0.5481725,0.5018517,0.55312616
0.6375,0.675,0.4898203,0.47905084,0.48125264,0.47753704,0.5841166,0.5987921,0.5874339,0.617772,0.5259859,0.59101236
0.6375,0.675,0.4898203,0.47905084,0.48125264,0.47753704,0.58635336,0.6144295,0.5877876,0.62538934,0.5981825,0.63647974
0.6375,0.675,0.4898203,0.47905084,0.48125264,0.47753704,0.58732975,0.58241254,0.5950309,0.6213536,0.5701734,0.6016896
0.6375,0.675,0.4898203,0.47905084,0.48125264,0.47753704,0.5637667,0.5933849,0.5805319,0.63413465,0.5785034,0.6524855
0.6375,0.675,0.4898203,0.47905084,0.48125264,0.47753704,0.56357217,0.591574,0.6024801,0.650983,0.5823886,0.62570584
0.6375,0.675,0.4898203,0.47905084,0.48125264,0.47753704,0.64398175,0.6610467,0.5973027,0.6175419,0.60374075,0.6329971
0.6375,0.675,0.4898203,0.47905084,0.48125264,0.47753704,0.58106434,0.5694607,0.59965813,0.6261064,0.58335924,0.6148192
0.6375,0.675,0.4898203,0.47905084,0.48125264,0.47753704,0.6173073,0.64202553,0.5674062,0.59580004,0.56561553,0.59357333
0.6375,0.675,0.4898203,0.47905084,0.48125264,0.47753704,0.5811856,0.57701504,0.57183397,0.57157993,0.562202,0.5868542
0.575,0.6125,0.4898203,0.47905084,0.48125264,0.47753704,0.55169153,0.5161925,0.55762446,0.5875039,0.53780776,0.5879477
0.575,0.6125,0.4898203,0.47905084,0.48125264,0.47753704,0.57109267,0.5387423,0.5764576,0.5787472,0.5082158,0.58018863
0.575,0.6125,0.4898203,0.47905084,0.48125264,0.47753704,0.6050378,0.6035637,0.5600282,0.59358525,0.51545006,0.6142457
0.575,0.6125,0.4898203,0.47905084,0.48125264,0.47753704,0.616593,0.5831485,0.57427424,0.5779648,0.5409952,0.57721466
0.575,0.6125,0.4898203,0.47905084,0.48125264,0.47753704,0.63348675,0.6444585,0.5714974,0.60409653,0.5042215,0.6325367
0.575,0.6125,0.4898203,0.47905084,0.48125264,0.47753704,0.5612769,0.55554026,0.5709833,0.58511937,0.5479223,0.5914864
0.575,0.6125,0.4898203,0.47905084,0.48125264,0.47753704,0.6836959,0.6952147,0.5749039,0.597405,0.5250086,0.62189573
0.575,0.6125,0.4898203,0.47905084,0.48125264,0.47753704,0.5777596,0.5629385,0.57212996,0.59115136,0.5599275,0.61061406
0.575,0.6125,0.4898203,0.47905084,0.48125264,0.47753704,0.58626735,0.6007016,0.572273,0.59445786,0.5527704,0.6095335
0.4125,0.5625,0.4898203,0.47905084,0.48125264,0.47753704,0.54924095,0.54262894,0.5221257,0.5591754,0.39083636,0.49315432
0.4125,0.5625,0.4898203,0.47905084,0.48125264,0.47753704,0.55638754,0.54051447,0.5356952,0.58548176,0.43670174,0.56479776
0.4125,0.5625,0.4898203,0.47905084,0.48125264,0.47753704,0.5437902,0.53469944,0.52220327,0.56773055,0.4692772,0.5264323
0.4125,0.5625,0.4898203,0.47905084,0.48125264,0.47753704,0.5991092,0.59150636,0.5211038,0.57329917,0.44230643,0.49376222
0.4125,0.5625,0.4898203,0.47905084,0.48125264,0.47753704,0.5056659,0.47220165,0.49801135,0.53694785,0.42782697,0.48429456
0.4125,0.5625,0.4898203,0.47905084,0.48125264,0.47753704,0.54076403,0.532952,0.5131693,0.5585238,0.43349797,0.56469536
0.4125,0.5625,0.4898203,0.47905084,0.48125264,0.47753704,0.507018,0.48538834,0.4979478,0.54781634,0.42637262,0.51130784
0.4125,0.5625,0.4898203,0.47905084,0.48125264,0.47753704,0.5017502,0.48770356,0.45152435,0.5121405,0.4638845,0.4903818
0.4125,0.5625,0.4898203,0.47905084,0.48125264,0.47753704,0.5348127,0.52146554,0.5300549,0.5807246,0.43238994,0.5448952
0.4375,0.25,0.4898203,0.47905084,0.48125264,0.47753704,0.40023318,0.38018972,0.36748713,0.3054266,0.35292745,0.29898265
0.4375,0.25,0.4898203,0.47905084,0.48125264,0.47753704,0.42679527,0.40034848,0.36054766,0.2853948,0.34208316,0.27467096
0.4375,0.25,0.4898203,0.47905084,0.48125264,0.47753704,0.37363645,0.3105925,0.37545204,0.3093757,0.40546882,0.30510697
0.4375,0.25,0.4898203,0.47905084,0.48125264,0.47753704,0.3613333,0.293647,0.33498466,0.26743346,0.26550993,0.22127184
0.4375,0.25,0.4898203,0.47905084,0.48125264,0.47753704,0.4509145,0.41037178,0.33467966,0.26563203,0.36240134,0.26862484
0.4375,0.25,0.4898203,0.47905084,0.48125264,0.47753704,0.39353436,0.3335776,0.3609928,0.28550792,0.38097805,0.2854804
0.4375,0.25,0.4898203,0.47905084,0.48125264,0.47753704,0.35403612,0.31373143,0.34724697,0.27548286,0.25629228,0.26659033
0.4375,0.25,0.4898203,0.47905084,0.48125264,0.47753704,0.43166965,0.38595796,0.36592656,0.29478148,0.36611757,0.30909947
0.4375,0.25,0.4898203,0.47905084,0.48125264,0.47753704,0.40800714,0.3495645,0.36750218,0.29902473,0.32639682,0.28876972
0.6375,0.625,0.4898203,0.47905084,0.48125264,0.47753704,0.5546566,0.538805,0.52261764,0.5600885,0.5668715,0.50059295
0.6375,0.625,0.4898203,0.47905084,0.48125264,0.47753704,0.5496379,0.52644724,0.5527729,0.5857679,0.5713184,0.5291665
0.6375,0.625,0.4898203,0.47905084,0.48125264,0.47753704,0.5329963,0.51823366,0.5440506,0.5865267,0.53912014,0.5213909
0.6375,0.625,0.4898203,0.47905084,0.48125264,0.47753704,0.5445602,0.52411354,0.520614,0.5306505,0.57379436,0.5160583
0.6375,0.625,0.4898203,0.47905084,0.48125264,0.47753704,0.52207184,0.4885319,0.5239557,0.54341924,0.5180385,0.51708084
0.6375,0.625,0.4898203,0.47905084,0.48125264,0.47753704,0.5378961,0.5081126,0.52712655,0.55938196,0.6141026,0.5693023
0.6375,0.625,0.4898203,0.47905084,0.48125264,0.47753704,0.5035651,0.45649976,0.50922954,0.47036693,0.5984278,0.5572407
0.6375,0.625,0.4898203,0.47905084,0.48125264,0.47753704,0.52132744,0.47143263,0.5126327,0.45964926,0.484531,0.4225674
0.6375,0.625,0.4898203,0.47905084,0.48125264,0.47753704,0.50496423,0.4573117,0.5212948,0.48281938,0.4759416,0.43744567
0.625,0.6125,0.4898203,0.47905084,0.48125264,0.47753704,0.48966753,0.44975418,0.55365753,0.5084425,0.50500685,0.45659885
0.625,0.6125,0.4898203,0.47905084,0.48125264,0.47753704,0.5123209,0.49100107,0.5576283,0.51028246,0.54414403,0.5123733
0.625,0.6125,0.4898203,0.47905084,0.48125264,0.47753704,0.5413021,0.51456064,0.563192,0.5821384,0.5286894,0.5007131
0.625,0.6125,0.4898203,0.47905084,0.48125264,0.47753704,0.61792886,0.6083131,0.58109033,0.5561995,0.5617245,0.5046998
0.625,0.6125,0.4898203,0.47905084,0.48125264,0.47753704,0.61370325,0.61115026,0.584236,0.5840465,0.56136197,0.4977425
0.625,0.6125,0.4898203,0.47905084,0.48125264,0.47753704,0.53020906,0.5085812,0.5609113,0.53458285,0.53437394,0.47531575
0.625,0.6125,0.4898203,0.47905084,0.48125264,0.47753704,0.49203837,0.46452898,0.50185853,0.4631089,0.44161385,0.3791121
0.625,0.6125,0.4898203,0.47905084,0.48125264,0.47753704,0.5877626,0.5907575,0.567876,0.54966605,0.5497619,0.482688
0.625,0.6125,0.4898203,0.47905084,0.48125264,0.47753704,0.5713239,0.56227994,0.57345784,0.5619651,0.56043446,0.5157551
0.625,0.55,0.4898203,0.47905084,0.48125264,0.47753704,0.49415442,0.48038936,0.4688285,0.50500834,0.5637779,0.55493665
0.625,0.55,0.4898203,0.47905084,0.48125264,0.47753704,0.51578295,0.5164355,0.4871549,0.53560984,0.61606264,0.59926534
0.625,0.55,0.4898203,0.47905084,0.48125264,0.47753704,0.5061601,0.49712133,0.51672745,0.5425463,0.5731502,0.5303477
0.625,0.55,0.4898203,0.47905084,0.48125264,0.47753704,0.497123,0.4758286,0.51899576,0.55195606,0.5659886,0.6018239
0.625,0.55,0.4898203,0.47905084,0.48125264,0.47753704,0.506269,0.4791484,0.49444985,0.5212095,0.53460264,0.53741187
0.625,0.55,0.4898203,0.47905084,0.48125264,0.47753704,0.479349,0.4597637,0.4645588,0.49761575,0.5822339,0.5565018
0.625,0.55,0.4898203,0.47905084,0.48125264,0.47753704,0.4765173,0.48818028,0.4574529,0.49005517,0.51732486,0.48803756
0.625,0.55,0.4898203,0.47905084,0.48125264,0.47753704,0.4881714,0.48171145,0.45355773,0.5017173,0.51348627,0.56533
0.625,0.55,0.4898203,0.47905084,0.48125264,0.47753704,0.46498334,0.46465385,0.463695,0.5048208,0.53433603,0.490249
0.5875,0.475,0.4898203,0.47905084,0.48125264,0.47753704,0.4911917,0.4497779,0.48763996,0.43594125,0.4944339,0.47658727
0.5875,0.475,0.4898203,0.47905084,0.48125264,0.47753704,0.46886528,0.42509842,0.5005613,0.52748156,0.47217718,0.48114514
0.5875,0.475,0.4898203,0.47905084,0.48125264,0.47753704,0.45360878,0.41858715,0.49824512,0.52842283,0.47469822,0.45797068
0.5875,0.475,0.4898203,0.47905084,0.48125264,0.47753704,0.4895953,0.48580456,0.47934535,0.53583443,0.5042792,0.4845577
0.5875,0.475,0.4898203,0.47905084,0.48125264,0.47753704,0.51442015,0.5111133,0.4755292,0.5280639,0.47318524,0.48277047
0.5875,0.475,0.4898203,0.47905084,0.48125264,0.47753704,0.54877406,0.5617721,0.51291907,0.5684371,0.5035064,0.57527894
0.5875,0.475,0.4898203,0.47905084,0.48125264,0.47753704,0.50719744,0.46685356,0.4863876,0.5084915,0.55913764,0.520292
0.5875,0.475,0.4898203,0.47905084,0.48125264,0.47753704,0.55104786,0.55951875,0.522012,0.5545614,0.5158391,0.58556575
0.5875,0.475,0.4898203,0.47905084,0.48125264,0.47753704,0.48222375,0.4630363,0.514346,0.503219,0.5164593,0.53045887
0.6125,0.3625,0.4898203,0.47905084,0.48125264,0.47753704,0.45879868,0.42497602,0.44708642,0.4211774,0.45503852,0.37396097
0.6125,0.3625,0.4898203,0.47905084,0.48125264,0.47753704,0.52805626,0.48973906,0.4957229,0.4950084,0.5388127,0.4640252
0.6125,0.3625,0.4898203,0.47905084,0.48125264,0.47753704,0.45268837,0.4077747,0.502736,0.49018276,0.49165958,0.4439246
0.6125,0.3625,0.4898203,0.47905084,0.48125264,0.47753704,0.44544107,0.37855142,0.51282114,0.45879382,0.53984255,0.4735265
0.6125,0.3625,0.4898203,0.47905084,0.48125264,0.47753704,0.4809308,0.426336,0.46415845,0.39436892,0.4338657,0.29578298
0.6125,0.3625,0.4898203,0.47905084,0.48125264,0.47753704,0.51326287,0.47327572,0.46243358,0.4214256,0.45712948,0.3527894
0.6125,0.3625,0.4898203,0.47905084,0.48125264,0.47753704,0.4804716,0.44842827,0.4944641,0.44652706,0.44192374,0.44605958
0.6125,0.3625,0.4898203,0.47905084,0.48125264,0.47753704,0.38271552,0.33177063,0.3860011,0.38347173,0.4117918,0.35759148
0.6125,0.3625,0.4898203,0.47905084,0.48125264,0.47753704,0.4220394,0.3624155,0.38919887,0.36702034,0.46125033,0.42549002
0.4375,0.3375,0.4898203,0.47905084,0.48125264,0.47753704,0.33244285,0.28462744,0.38405377,0.3651205,0.29719287,0.21100163
0.4375,0.3375,0.4898203,0.47905084,0.48125264,0.47753704,0.38730597,0.37112612,0.3763541,0.34183466,0.35139942,0.2371162
0.4375,0.3375,0.4898203,0.47905084,0.48125264,0.47753704,0.37110156,0.3036213,0.37836683,0.3220693,0.34542567,0.21017046
0.4375,0.3375,0.4898203,0.47905084,0.48125264,0.47753704,0.39929032,0.33495238,0.39337283,0.4091069,0.33837348,0.24792284
0.4375,0.3375,0.4898203,0.47905084,0.48125264,0.47753704,0.40469453,0.3392352,0.41077673,0.44900113,0.3862228,0.29636654
0.4375,0.3375,0.4898203,0.47905084,0.48125264,0.47753704,0.42238677,0.38851202,0.41104722,0.3890647,0.34353074,0.24092293
0.4375,0.3375,0.4898203,0.47905084,0.48125264,0.47753704,0.42387486,0.36118108,0.4243655,0.38733923,0.38798895,0.27661133
0.4375,0.3375,0.4898203,0.47905084,0.48125264,0.47753704,0.4157613,0.37257916,0.40987942,0.37356478,0.39720988,0.29419312
0.4375,0.3375,0.4898203,0.47905084,0.48125264,0.47753704,0.4180106,0.377968,0.39730862,0.3871676,0.40887067,0.33007827
0.45,0.45,0.4898203,0.47905084,0.48125264,0.47753704,0.4516089,0.41543826,0.39120817,0.41809016,0.42479163,0.39233434
0.45,0.45,0.4898203,0.47905084,0.48125264,0.47753704,0.4681726,0.43033624,0.43780553,0.4538728,0.35619304,0.4320396
0.45,0.45,0.4898203,0.47905084,0.48125264,0.47753704,0.44365072,0.40335476,0.37402225,0.42250898,0.3815851,0.32840127
0.45,0.45,0.4898203,0.47905084,0.48125264,0.47753704,0.50406563,0.46486545,0.4732271,0.5185307,0.4713735,0.44787666
0.45,0.45,0.4898203,0.47905084,0.48125264,0.47753704,0.6136205,0.6079552,0.5458282,0.5882876,0.4765733,0.51518375
0.45,0.45,0.4898203,0.47905084,0.48125264,0.47753704,0.58113956,0.5726888,0.5804702,0.6485296,0.51129323,0.5905155
0.45,0.45,0.4898203,0.47905084,0.48125264,0.47753704,0.62761503,0.6251996,0.5852093,0.6500417,0.5345638,0.5662002
0.45,0.45,0.4898203,0.47905084,0.48125264,0.47753704,0.5786265,0.5641591,0.5873889,0.65075994,0.51768357,0.5474568
0.45,0.45,0.4898203,0.47905084,0.48125264,0.47753704,0.56228447,0.5324127,0.49619567,0.54443544,0.49847996,0.5722402
0.4,0.375,0.4898203,0.47905084,0.48125264,0.47753704,0.4474221,0.40181237,0.42914516,0.43174505,0.45709565,0.36973625
0.4,0.375,0.4898203,0.47905084,0.48125264,0.47753704,0.46215135,0.40964398,0.43419185,0.44041136,0.44706506,0.40385142
0.4,0.375,0.4898203,0.47905084,0.48125264,0.47753704,0.4462368,0.39801463,0.45157447,0.41565293,0.44053012,0.34129348
0.4,0.375,0.4898203,0.47905084,0.48125264,0.47753704,0.44618338,0.4057439,0.40728715,0.39976943,0.39382297,0.3252808
0.4,0.375,0.4898203,0.47905084,0.48125264,0.47753704,0.45083234,0.41283745,0.41658297,0.40248433,0.40016294,0.31110045
0.4,0.375,0.4898203,0.47905084,0.48125264,0.47753704,0.4503431,0.41833192,0.4546318,0.4455078,0.47823116,0.40347865
0.4,0.375,0.4898203,0.47905084,0.48125264,0.47753704,0.45581242,0.40846694,0.41806275,0.40616152,0.45173573,0.38343436
0.4,0.375,0.4898203,0.47905084,0.48125264,0.47753704,0.39616215,0.3350693,0.43346575,0.42138645,0.42614895,0.32690433
0.4,0.375,0.4898203,0.47905084,0.48125264,0.47753704,0.38052037,0.31236264,0.37736702,0.37064898,0.42539454,0.31079623
0.4,0.2875,0.4898203,0.47905084,0.48125264,0.47753704,0.41008097,0.3391173,0.38165355,0.31233084,0.3926978,0.249798
0.4,0.2875,0.4898203,0.47905084,0.48125264,0.47753704,0.41887474,0.34870312,0.40617567,0.3177691,0.37143233,0.23525672
0.4,0.2875,0.4898203,0.47905084,0.48125264,0.47753704,0.39649624,0.31061777,0.4055801,0.3140211,0.35883752,0.23235665
0.4,0.2875,0.4898203,0.47905084,0.48125264,0.47753704,0.40536433,0.35814917,0.3571157,0.29667145,0.3808511,0.23076992
0.4,0.2875,0.4898203,0.47905084,0.48125264,0.47753704,0.39945695,0.31599063,0.39827478,0.30913806,0.37415335,0.22418214
0.4,0.2875,0.4898203,0.47905084,0.48125264,0.47753704,0.39655495,0.32062817,0.40198076,0.3010671,0.3580302,0.18750583
0.4,0.2875,0.4898203,0.47905084,0.48125264,0.47753704,0.41134667,0.32714266,0.3752701,0.30246383,0.4472878,0.33880857
0.4,0.2875,0.4898203,0.47905084,0.48125264,0.47753704,0.43709427,0.3782885,0.37939894,0.3053472,0.5052152,0.38600317
0.4,0.2875,0.4898203,0.47905084,0.48125264,0.47753704,0.4292071,0.36576366,0.35369107,0.29327452,0.37039265,0.28524154
0.5,0.5375,0.4898203,0.47905084,0.48125264,0.47753704,0.485655,0.45869917,0.45552894,0.5145766,0.38009942,0.34557697
0.5,0.5375,0.4898203,0.47905084,0.48125264,0.47753704,0.51239526,0.5251723,0.48543984,0.52552664,0.5056001,0.5272498
0.5,0.5375,0.4898203,0.47905084,0.48125264,0.47753704,0.5368889,0.54131603,0.45824277,0.47234702,0.5182123,0.5536361
0.5,0.5375,0.4898203,0.47905084,0.48125264,0.47753704,0.5138199,0.50369614,0.4575894,0.46933842,0.5803144,0.5686324
0.5,0.5375,0.4898203,0.47905084,0.48125264,0.47753704,0.518082,0.50761604,0.45830145,0.4583218,0.5265413,0.5233915
0.5,0.5375,0.4898203,0.47905084,0.48125264,0.47753704,0.5575707,0.54472715,0.5073608,0.54196113,0.45273995,0.41940644
0.5,0.5375,0.4898203,0.47905084,0.48125264,0.47753704,0.5798491,0.5647473,0.502068,0.54372615,0.46153718,0.42428437
0.5,0.5375,0.4898203,0.47905084,0.48125264,0.47753704,0.551147,0.57209605,0.4808492,0.53249276,0.44344816,0.4020084
0.5,0.5375,0.4898203,0.47905084,0.48125264,0.47753704,0.54756284,0.5351311,0.50311756,0.5440544,0.43507308,0.3811622
0.725,0.675,0.4898203,0.47905084,0.48125264,0.47753704,0.45784783,0.43100303,0.5028821,0.5283265,0.48951876,0.47763655
0.725,0.675,0.4898203,0.47905084,0.48125264,0.47753704,0.47493497,0.4793241,0.505228,0.5307667,0.44590285,0.4322918
0.725,0.675,0.4898203,0.47905084,0.48125264,0.47753704,0.5263276,0.49680573,0.5170323,0.54575014,0.45723695,0.47430775
0.725,0.675,0.4898203,0.47905084,0.48125264,0.47753704,0.48876348,0.48293096,0.50409776,0.5408499,0.47923642,0.5121746
0.725,0.675,0.4898203,0.47905084,0.48125264,0.47753704,0.5124904,0.53133655,0.54726994,0.6074979,0.5476686,0.5071647
0.725,0.675,0.4898203,0.47905084,0.48125264,0.47753704,0.5520371,0.5687175,0.5500747,0.58242124,0.5191827,0.47459313
0.725,0.675,0.4898203,0.47905084,0.48125264,0.47753704,0.524468,0.5550168,0.5387469,0.5865526,0.51968294,0.47558537
0.725,0.675,0.4898203,0.47905084,0.48125264,0.47753704,0.5792959,0.59647816,0.5609976,0.6042871,0.563091,0.52219146
0.725,0.675,0.4898203,0.47905084,0.48125264,0.47753704,0.5245485,0.52338696,0.56187093,0.58716846,0.51503706,0.47935128
0.725,0.6375,0.4898203,0.47905084,0.48125264,0.47753704,0.5620002,0.6122646,0.5757681,0.63719153,0.65070266,0.65799147
0.725,0.6375,0.4898203,0.47905084,0.48125264,0.47753704,0.57636976,0.6498224,0.5758456,0.6336292,0.6851703,0.675512
0.725,0.6375,0.4898203,0.47905084,0.48125264,0.47753704,0.57002723,0.6259332,0.57353663,0.6354725,0.6721205,0.6572027
0.725,0.6375,0.4898203,0.47905084,0.48125264,0.47753704,0.54519343,0.58558166,0.5818771,0.6533553,0.6458293,0.6432499
0.725,0.6375,0.4898203,0.47905084,0.48125264,0.47753704,0.6019248,0.66018885,0.58642334,0.6593179,0.6518326,0.6555597
0.725,0.6375,0.4898203,0.47905084,0.48125264,0.47753704,0.5389654,0.5680517,0.54116166,0.599529,0.62585837,0.6407006
0.725,0.6375,0.4898203,0.47905084,0.48125264,0.47753704,0.51929235,0.528305,0.51741683,0.50769305,0.5435198,0.5986805
0.725,0.6375,0.4898203,0.47905084,0.48125264,0.47753704,0.5881919,0.632162,0.5207827,0.54464626,0.60303885,0.616706
0.725,0.6375,0.4898203,0.47905084,0.48125264,0.47753704,0.60985625,0.6824555,0.5496943,0.618697,0.64168054,0.6453461
0.5,0.3125,0.4898203,0.47905084,0.48125264,0.47753704,0.45213413,0.3709789,0.4611267,0.4262345,0.46739107,0.38497522
0.5,0.3125,0.4898203,0.47905084,0.48125264,0.47753704,0.45800185,0.4089417,0.4443974,0.38793415,0.47209823,0.40085366
0.5,0.3125,0.4898203,0.47905084,0.48125264,0.47753704,0.35355687,0.25615096,0.37539452,0.31801802,0.42669722,0.3189356
0.5,0.3125,0.4898203,0.47905084,0.48125264,0.47753704,0.40775353,0.3265947,0.41592556,0.35549343,0.44982255,0.3677723
0.5,0.3125,0.4898203,0.47905084,0.48125264,0.47753704,0.4721614,0.4016956,0.4708577,0.43632486,0.5020295,0.43976083
0.5,0.3125,0.4898203,0.47905084,0.48125264,0.47753704,0.46189523,0.37502864,0.47364777,0.45208567,0.54067916,0.47293594
0.5,0.3125,0.4898203,0.47905084,0.48125264,0.47753704,0.4587515,0.39873213,0.4561233,0.4298634,0.4752533,0.3968272
0.5,0.3125,0.4898203,0.47905084,0.48125264,0.47753704,0.44501466,0.3825218,0.43429458,0.39273167,0.41996342,0.30936003
0.5,0.3125,0.4898203,0.47905084,0.48125264,0.47753704,0.40763518,0.35835555,0.42924324,0.3865373,0.40444556,0.31426057
0.525,0.4625,0.4898203,0.47905084,0.48125264,0.47753704,0.46603462,0.4766143,0.5093525,0.5479517,0.4744723,0.5121182
0.525,0.4625,0.4898203,0.47905084,0.48125264,0.47753704,0.5377629,0.53527087,0.54472744,0.57389677,0.545106,0.5358441
0.525,0.4625,0.4898203,0.47905084,0.48125264,0.47753704,0.4945726,0.4591856,0.5209842,0.503907,0.47111616,0.42074686
0.525,0.4625,0.4898203,0.47905084,0.48125264,0.47753704,0.54522675,0.5280624,0.55175954,0.5819062,0.5193881,0.4974424
0.525,0.4625,0.4898203,0.47905084,0.48125264,0.47753704,0.4810847,0.44476008,0.52647185,0.512779,0.5227233,0.51394826
0.525,0.4625,0.4898203,0.47905084,0.48125264,0.47753704,0.49825442,0.49158353,0.49057806,0.51549983,0.48634893,0.44037318
0.525,0.4625,0.4898203,0.47905084,0.48125264,0.47753704,0.48974538,0.45867455,0.5165054,0.5054339,0.503785,0.46741953
0.525,0.4625,0.4898203,0.47905084,0.48125264,0.47753704,0.39329866,0.3735281,0.45426917,0.50190926,0.47670063,0.51871645
0.525,0.4625,0.4898203,0.47905084,0.48125264,0.47753704,0.40649372,0.42953226,0.4205901,0.46433547,0.33288753,0.3502662
0.5375,0.7125,0.4898203,0.47905084,0.48125264,0.47753704,0.48556054,0.4391393,0.47154084,0.48068452,0.45317292,0.40552145
0.5375,0.7125,0.4898203,0.47905084,0.48125264,0.47753704,0.51275927,0.4899798,0.52461547,0.55255383,0.5723451,0.51747847
0.5375,0.7125,0.4898203,0.47905084,0.48125264,0.47753704,0.5333976,0.5248577,0.52012575,0.5421825,0.5750273,0.53022933
0.5375,0.7125,0.4898203,0.47905084,0.48125264,0.47753704,0.52396226,0.49874938,0.52476156,0.5584239,0.63238996,0.57936907
0.5375,0.7125,0.4898203,0.47905084,0.48125264,0.47753704,0.5220999,0.52094275,0.521731,0.54965615,0.52962506,0.4871314
0.5375,0.7125,0.4898203,0.47905084,0.48125264,0.47753704,0.54373527,0.5333083,0.5565913,0.5979655,0.4867358,0.5442748
0.5375,0.7125,0.4898203,0.47905084,0.48125264,0.47753704,0.5811917,0.5867388,0.57065105,0.60948765,0.55933297,0.54680943
0.5375,0.7125,0.4898203,0.47905084,0.48125264,0.47753704,0.54470384,0.54904145,0.5427024,0.58451974,0.6160047,0.5997901
0.5375,0.7125,0.4898203,0.47905084,0.48125264,0.47753704,0.56122375,0.5674551,0.5684786,0.6197746,0.59229875,0.5992431
0.325,0.2375,0.4898203,0.47905084,0.48125264,0.47753704,0.39561567,0.32366574,0.3465012,0.25709015,0.3865441,0.24732302
0.325,0.2375,0.4898203,0.47905084,0.48125264,0.47753704,0.35396332,0.26811647,0.3678869,0.29400945,0.35298407,0.27672562
0.325,0.2375,0.4898203,0.47905084,0.48125264,0.47753704,0.38037002,0.31366545,0.35878596,0.29059917,0.35264185,0.2701213
0.325,0.2375,0.4898203,0.47905084,0.48125264,0.47753704,0.42837295,0.36954272,0.42991263,0.3345213,0.36984256,0.32940048
0.325,0.2375,0.4898203,0.47905084,0.48125264,0.47753704,0.390823,0.31353834,0.38113636,0.29019612,0.40231174,0.30878806
0.325,0.2375,0.4898203,0.47905084,0.48125264,0.47753704,0.39018726,0.32108662,0.3488917,0.27798247,0.347321,0.23134686
0.325,0.2375,0.4898203,0.47905084,0.48125264,0.47753704,0.37293893,0.31657794,0.32278636,0.26087028,0.386367,0.29822308
0.325,0.2375,0.4898203,0.47905084,0.48125264,0.47753704,0.37163785,0.30630678,0.32957393,0.24845044,0.3294293,0.24109872
0.325,0.2375,0.4898203,0.47905084,0.48125264,0.47753704,0.33455947,0.2633073,0.3319962,0.24289769,0.3139104,0.252285
0.6375,0.375,0.4898203,0.47905084,0.48125264,0.47753704,0.3919806,0.31520653,0.44139,0.36460376,0.4469191,0.3595235
0.6375,0.375,0.4898203,0.47905084,0.48125264,0.47753704,0.42749095,0.3403656,0.37114698,0.29346046,0.42165017,0.27423543
0.6375,0.375,0.4898203,0.47905084,0.48125264,0.47753704,0.4468593,0.37277085,0.39793497,0.31574017,0.3675287,0.23738559
0.6375,0.375,0.4898203,0.47905084,0.48125264,0.47753704,0.42564744,0.35424688,0.3690883,0.2901487,0.3944963,0.23952493
0.6375,0.375,0.4898203,0.47905084,0.48125264,0.47753704,0.40291896,0.32543403,0.33972177,0.28549036,0.36832064,0.27767828
0.6375,0.375,0.4898203,0.47905084,0.48125264,0.47753704,0.38616893,0.3034193,0.32531315,0.26406717,0.431386,0.25534555
0.6375,0.375,0.4898203,0.47905084,0.48125264,0.47753704,0.4202374,0.33792987,0.38500503,0.3001092,0.38962048,0.27494046
0.6375,0.375,0.4898203,0.47905084,0.48125264,0.47753704,0.47355315,0.409535,0.38346094,0.32012334,0.4306082,0.34897912
0.6375,0.375,0.4898203,0.47905084,0.48125264,0.47753704,0.4612267,0.41621518,0.3625467,0.32294485,0.4854645,0.41539627
0.4625,0.3125,0.4898203,0.47905084,0.48125264,0.47753704,0.4059667,0.36126864,0.42609215,0.3401935,0.4806048,0.36311957
0.4625,0.3125,0.4898203,0.47905084,0.48125264,0.47753704,0.4512295,0.39525574,0.43259212,0.3408261,0.42178765,0.30176762
0.4625,0.3125,0.4898203,0.47905084,0.48125264,0.47753704,0.45584473,0.4000041,0.41345456,0.34185332,0.47066596,0.37644005
0.4625,0.3125,0.4898203,0.47905084,0.48125264,0.47753704,0.4602361,0.3953654,0.38433865,0.3096173,0.37201408,0.3341794
0.4625,0.3125,0.4898203,0.47905084,0.48125264,0.47753704,0.45053175,0.381926,0.3848797,0.3046707,0.4991259,0.4361699
0.4625,0.3125,0.4898203,0.47905084,0.48125264,0.47753704,0.44713426,0.388358,0.40239644,0.3168637,0.5043869,0.4320587
0.4625,0.3125,0.4898203,0.47905084,0.48125264,0.47753704,0.44160727,0.3751459,0.4272854,0.35649127,0.4454828,0.38188905
0.4625,0.3125,0.4898203,0.47905084,0.48125264,0.47753704,0.45147723,0.3909964,0.41998595,0.33702707,0.51388323,0.388157
0.4625,0.3125,0.4898203,0.47905084,0.48125264,0.47753704,0.45361528,0.38993394,0.42055777,0.34575135,0.49784678,0.45638365
0.35,0.2875,0.4898203,0.47905084,0.48125264,0.47753704,0.3484206,0.27034652,0.36974132,0.26240993,0.3432444,0.19599067
0.35,0.2875,0.4898203,0.47905084,0.48125264,0.47753704,0.3245987,0.24744478,0.36704946,0.26178288,0.339446,0.255081
0.35,0.2875,0.4898203,0.47905084,0.48125264,0.47753704,0.3610915,0.27665058,0.3775777,0.27523035,0.31217402,0.21029747
0.35,0.2875,0.4898203,0.47905084,0.48125264,0.47753704,0.3305775,0.24554545,0.37916946,0.26583627,0.34388012,0.23315413
0.35,0.2875,0.4898203,0.47905084,0.48125264,0.47753704,0.3442411,0.27121842,0.38525987,0.27286297,0.37949044,0.2565326
0.35,0.2875,0.4898203,0.47905084,0.48125264,0.47753704,0.32901752,0.24551181,0.36039603,0.26686582,0.3496743,0.24491838
0.35,0.2875,0.4898203,0.47905084,0.48125264,0.47753704,0.35408258,0.2948105,0.29526168,0.24675804,0.306179,0.22498843
0.35,0.2875,0.4898203,0.47905084,0.48125264,0.47753704,0.45343116,0.405117,0.27563044,0.23766047,0.31636178,0.26405525
0.35,0.2875,0.4898203,0.47905084,0.48125264,0.47753704,0.329985,0.25156462,0.3491511,0.30893856,0.3201518,0.29393828
0.5125,0.525,0.4898203,0.47905084,0.48125264,0.47753704,0.46565548,0.3962975,0.39630994,0.4562841,0.40114594,0.32223776
0.5125,0.525,0.4898203,0.47905084,0.48125264,0.47753704,0.476314,0.4261104,0.43114418,0.49261606,0.48775467,0.42009586
0.5125,0.525,0.4898203,0.47905084,0.48125264,0.47753704,0.5046452,0.46514618,0.47240624,0.5328568,0.45256186,0.41298535
0.5125,0.525,0.4898203,0.47905084,0.48125264,0.47753704,0.51468265,0.47722,0.46030498,0.52753615,0.4658342,0.42383912
0.5125,0.525,0.4898203,0.47905084,0.48125264,0.47753704,0.5401379,0.49846637,0.4729295,0.53920066,0.41309622,0.47089192
0.5125,0.525,0.4898203,0.47905084,0.48125264,0.47753704,0.52720183,0.53872323,0.48921895,0.529101,0.49363497,0.49148703
0.5125,0.525,0.4898203,0.47905084,0.48125264,0.47753704,0.52241695,0.48588806,0.4825644,0.5388598,0.39835617,0.46576217
0.5125,0.525,0.4898203,0.47905084,0.48125264,0.47753704,0.54347444,0.51922905,0.48954046,0.53482825,0.4450172,0.40544337
0.5125,0.525,0.4898203,0.47905084,0.48125264,0.47753704,0.5403863,0.49580252,0.47870117,0.5217992,0.4359493,0.39712992
0.5375,0.4125,0.4898203,0.47905084,0.48125264,0.47753704,0.5203589,0.5277437,0.48193812,0.50675523,0.46452427,0.43256044
0.5375,0.4125,0.4898203,0.47905084,0.48125264,0.47753704,0.49454242,0.4987321,0.46754697,0.4720897,0.48862743,0.45173714
0.5375,0.4125,0.4898203,0.47905084,0.48125264,0.47753704,0.5158018,0.5287409,0.49734843,0.5266687,0.5200389,0.47126472
0.5375,0.4125,0.4898203,0.47905084,0.48125264,0.47753704,0.52863353,0.5162157,0.53812116,0.5600862,0.5119457,0.5186075
0.5375,0.4125,0.4898203,0.47905084,0.48125264,0.47753704,0.5087937,0.53448117,0.48625982,0.5190327,0.5501841,0.5099965
0.5375,0.4125,0.4898203,0.47905084,0.48125264,0.47753704,0.5625354,0.56475127,0.5060762,0.52477884,0.5244246,0.4600452
0.5375,0.4125,0.4898203,0.47905084,0.48125264,0.47753704,0.5218495,0.5435895,0.51392066,0.52629435,0.5023082,0.46750844
0.5375,0.4125,0.4898203,0.47905084,0.48125264,0.47753704,0.5060896,0.5074949,0.45449606,0.45394114,0.49684182,0.43616262
0.5375,0.4125,0.4898203,0.47905084,0.48125264,0.47753704,0.517982,0.5069952,0.5103427,0.50595385,0.55709887,0.53809184
0.7625,0.6125,0.4898203,0.47905084,0.48125264,0.47753704,0.5848261,0.5627624,0.5483269,0.5375658,0.5501212,0.52318496
0.7625,0.6125,0.4898203,0.47905084,0.48125264,0.47753704,0.5563074,0.5510019,0.5409012,0.5573715,0.5784943,0.53143984
0.7625,0.6125,0.4898203,0.47905084,0.48125264,0.47753704,0.5745351,0.56755966,0.5260166,0.53260565,0.5593474,0.50384927
0.7625,0.6125,0.4898203,0.47905084,0.48125264,0.47753704,0.56462586,0.55973876,0.5363095,0.552493,0.53612477,0.5038515
0.7625,0.6125,0.4898203,0.47905084,0.48125264,0.47753704,0.5661204,0.552348,0.53371704,0.5406956,0.5485014,0.5050498
0.7625,0.6125,0.4898203,0.47905084,0.48125264,0.47753704,0.49580234,0.4528693,0.5504992,0.47669035,0.4929703,0.43303135
0.7625,0.6125,0.4898203,0.47905084,0.48125264,0.47753704,0.52339274,0.4809277,0.51577985,0.43894544,0.45114496,0.408532
0.7625,0.6125,0.4898203,0.47905084,0.48125264,0.47753704,0.50100935,0.46290767,0.5119432,0.42898405,0.489339,0.4246082
0.7625,0.6125,0.4898203,0.47905084,0.48125264,0.47753704,0.5293797,0.49180603,0.5196649,0.43973657,0.47046822,0.40743476
0.5875,0.475,0.4898203,0.47905084,0.48125264,0.47753704,0.41989613,0.41606188,0.43423745,0.5210034,0.32273394,0.44161135
0.5875,0.475,0.4898203,0.47905084,0.48125264,0.47753704,0.45411396,0.40598255,0.40295208,0.4741897,0.31565982,0.41065654
0.5875,0.475,0.4898203,0.47905084,0.48125264,0.47753704,0.48951864,0.42897755,0.47373828,0.44710162,0.4939592,0.41484165
0.5875,0.475,0.4898203,0.47905084,0.48125264,0.47753704,0.5362946,0.5034285,0.5009111,0.47351298,0.49179414,0.42569524
0.5875,0.475,0.4898203,0.47905084,0.48125264,0.47753704,0.5276098,0.532443,0.509391,0.525018,0.52593726,0.43625233
0.5875,0.475,0.4898203,0.47905084,0.48125264,0.47753704,0.5344965,0.54642045,0.5276981,0.5371517,0.51510084,0.47832003
0.5875,0.475,0.4898203,0.47905084,0.48125264,0.47753704,0.5242007,0.5118665,0.55802774,0.58938634,0.5213712,0.54620975
0.5875,0.475,0.4898203,0.47905084,0.48125264,0.47753704,0.47486567,0.45850235,0.5150279,0.51359683,0.4889768,0.48497105
0.5875,0.475,0.4898203,0.47905084,0.48125264,0.47753704,0.5175665,0.5230113,0.53982943,0.5651301,0.5549694,0.5283515
0.7125,0.45,0.4898203,0.47905084,0.48125264,0.47753704,0.44225496,0.37370265,0.440865,0.3617078,0.44326857,0.3209477
0.7125,0.45,0.4898203,0.47905084,0.48125264,0.47753704,0.48879853,0.4282058,0.5006094,0.4415259,0.44571137,0.3550752
0.7125,0.45,0.4898203,0.47905084,0.48125264,0.47753704,0.47124782,0.41185153,0.4341413,0.36167657,0.45056117,0.3424383
0.7125,0.45,0.4898203,0.47905084,0.48125264,0.47753704,0.42522377,0.34294128,0.4467342,0.35453373,0.3591083,0.25895616
0.7125,0.45,0.4898203,0.47905084,0.48125264,0.47753704,0.46995544,0.39942667,0.45847312,0.37241116,0.4348049,0.3325908
0.7125,0.45,0.4898203,0.47905084,0.48125264,0.47753704,0.46851805,0.3920074,0.4676136,0.37669623,0.4291301,0.3730325
0.7125,0.45,0.4898203,0.47905084,0.48125264,0.47753704,0.51389223,0.4762295,0.5030807,0.43876976,0.5338753,0.49070105
0.7125,0.45,0.4898203,0.47905084,0.48125264,0.47753704,0.5219993,0.48308885,0.5330189,0.48825267,0.49263084,0.47259635
0.7125,0.45,0.4898203,0.47905084,0.48125264,0.47753704,0.55195796,0.53382254,0.542945,0.4979927,0.5071366,0.52214026
0.55,0.25,0.4898203,0.47905084,0.48125264,0.47753704,0.3895326,0.34802955,0.36265016,0.32461333,0.41342896,0.33730975
0.55,0.25,0.4898203,0.47905084,0.48125264,0.47753704,0.45465106,0.3890081,0.45534703,0.37398016,0.36752337,0.2916868
0.55,0.25,0.4898203,0.47905084,0.48125264,0.47753704,0.46748593,0.39984632,0.48292002,0.39182946,0.43636027,0.35401607
0.55,0.25,0.4898203,0.47905084,0.48125264,0.47753704,0.4534157,0.40147603,0.45484203,0.3699317,0.40819627,0.29547185
0.55,0.25,0.4898203,0.47905084,0.48125264,0.47753704,0.46198487,0.3951255,0.46699733,0.37623656,0.43014288,0.32209468
0.55,0.25,0.4898203,0.47905084,0.48125264,0.47753704,0.4413751,0.38899547,0.41451007,0.33368036,0.36212593,0.28796336
0.55,0.25,0.4898203,0.47905084,0.48125264,0.47753704,0.42392045,0.37848705,0.5000238,0.42837492,0.44246608,0.34231672
0.55,0.25,0.4898203,0.47905084,0.48125264,0.47753704,0.4033501,0.33424282,0.38375798,0.31316718,0.3585667,0.2689469
0.55,0.25,0.4898203,0.47905084,0.48125264,0.47753704,0.48298326,0.4469269,0.441117,0.36824107,0.40869913,0.33210745
0.6375,0.55,0.4898203,0.47905084,0.48125264,0.47753704,0.47009468,0.41901684,0.48124766,0.39361757,0.47822008,0.39816165
0.6375,0.55,0.4898203,0.47905084,0.48125264,0.47753704,0.50407636,0.44531947,0.50486445,0.40529105,0.51594007,0.43371242
0.6375,0.55,0.4898203,0.47905084,0.48125264,0.47753704,0.49490678,0.4373939,0.50967026,0.4148699,0.5717416,0.48591247
0.6375,0.55,0.4898203,0.47905084,0.48125264,0.47753704,0.47785288,0.4043311,0.5136702,0.41540045,0.5543292,0.48558936
0.6375,0.55,0.4898203,0.47905084,0.48125264,0.47753704,0.4728228,0.4097889,0.46387917,0.37041917,0.42711022,0.31602314
0.6375,0.55,0.4898203,0.47905084,0.48125264,0.47753704,0.48737192,0.43670407,0.48273265,0.3980294,0.50640625,0.42336735
0.6375,0.55,0.4898203,0.47905084,0.48125264,0.47753704,0.47447047,0.41870546,0.48756903,0.4012078,0.51288176,0.4288988
0.6375,0.55,0.4898203,0.47905084,0.48125264,0.47753704,0.4307,0.35904145,0.48883778,0.40787137,0.56698924,0.51463026
0.6375,0.55,0.4898203,0.47905084,0.48125264,0.47753704,0.47210217,0.42558032,0.51533985,0.43914264,0.46336064,0.38845748
0.3375,0.25,0.4898203,0.47905084,0.48125264,0.47753704,0.36919016,0.3482463,0.35309976,0.28989047,0.3757349,0.22952038
0.3375,0.25,0.4898203,0.47905084,0.48125264,0.47753704,0.42715213,0.4248473,0.37330943,0.43832165,0.43714118,0.39494252
0.3375,0.25,0.4898203,0.47905084,0.48125264,0.47753704,0.39245796,0.35645342,0.3342589,0.35364106,0.37478596,0.28807083
0.3375,0.25,0.4898203,0.47905084,0.48125264,0.47753704,0.46959758,0.4905551,0.34524745,0.3796295,0.3862019,0.35925573
0.3375,0.25,0.4898203,0.47905084,0.48125264,0.47753704,0.4643074,0.48236585,0.35028693,0.3955416,0.39904177,0.32683054
0.3375,0.25,0.4898203,0.47905084,0.48125264,0.47753704,0.4260552,0.40679473,0.33684862,0.373053,0.38254276,0.31184933
0.3375,0.25,0.4898203,0.47905084,0.48125264,0.47753704,0.3802726,0.3586402,0.3404413,0.38792676,0.43057242,0.34519002
0.3375,0.25,0.4898203,0.47905084,0.48125264,0.47753704,0.4447166,0.44552672,0.35832185,0.39397126,0.44961134,0.43200153
0.3375,0.25,0.4898203,0.47905084,0.48125264,0.47753704,0.44081444,0.4085878,0.33894277,0.3502133,0.38047722,0.24963202
0.475,0.3125,0.4898203,0.47905084,0.48125264,0.47753704,0.37016624,0.2906329,0.36667046,0.28490108,0.31011546,0.2728851
0.475,0.3125,0.4898203,0.47905084,0.48125264,0.47753704,0.36116788,0.26105672,0.32222447,0.2576009,0.3760693,0.23944525
0.475,0.3125,0.4898203,0.47905084,0.48125264,0.47753704,0.3709948,0.28293043,0.33644035,0.2912712,0.35745892,0.21576244
0.475,0.3125,0.4898203,0.47905084,0.48125264,0.47753704,0.32904547,0.23335049,0.36613846,0.26317918,0.35588118,0.2134123
0.475,0.3125,0.4898203,0.47905084,0.48125264,0.47753704,0.3442591,0.25330123,0.3606516,0.2202242,0.30181456,0.19881448
0.475,0.3125,0.4898203,0.47905084,0.48125264,0.47753704,0.35838354,0.25599277,0.32730782,0.17566642,0.33663577,0.2063358
0.475,0.3125,0.4898203,0.47905084,0.48125264,0.47753704,0.45777684,0.421777,0.5039947,0.5002326,0.35032213,0.2842285
0.475,0.3125,0.4898203,0.47905084,0.48125264,0.47753704,0.38976297,0.31863016,0.44406098,0.3947807,0.37997398,0.3365895
0.475,0.3125,0.4898203,0.47905084,0.48125264,0.47753704,0.3579476,0.2625751,0.36953974,0.29256123,0.3852014,0.24416788
0.4625,0.525,0.4898203,0.47905084,0.48125264,0.47753704,0.5189805,0.5409036,0.4923203,0.54931915,0.51269954,0.50330585
0.4625,0.525,0.4898203,0.47905084,0.48125264,0.47753704,0.45377344,0.46046424,0.41880447,0.4639282,0.46474475,0.45917386
0.4625,0.525,0.4898203,0.47905084,0.48125264,0.47753704,0.45328766,0.44747728,0.42082906,0.4599992,0.506433,0.4790257
0.4625,0.525,0.4898203,0.47905084,0.48125264,0.47753704,0.49988294,0.48411143,0.44075626,0.48123112,0.5015501,0.478022
0.4625,0.525,0.4898203,0.47905084,0.48125264,0.47753704,0.43728322,0.45220494,0.4054526,0.43599597,0.48656368,0.4993149
0.4625,0.525,0.4898203,0.47905084,0.48125264,0.47753704,0.47889888,0.47782844,0.45199192,0.4679022,0.4643929,0.45883736
0.4625,0.525,0.4898203,0.47905084,0.48125264,0.47753704,0.49738926,0.5104985,0.48003912,0.551297,0.49661413,0.57263947
0.4625,0.525,0.4898203,0.47905084,0.48125264,0.47753704,0.4782676,0.47187454,0.4593185,0.49658614,0.5021195,0.51389414
0.4625,0.525,0.4898203,0.47905084,0.48125264,0.47753704,0.52023363,0.52403367,0.47405759,0.53702897,0.50715417,0.5444456
0.6375,0.5125,0.4898203,0.47905084,0.48125264,0.47753704,0.5764625,0.58103865,0.5500109,0.54049295,0.569962,0.5916838
0.6375,0.5125,0.4898203,0.47905084,0.48125264,0.47753704,0.5511781,0.5362302,0.54769987,0.53490144,0.5170286,0.48505753
0.6375,0.5125,0.4898203,0.47905084,0.48125264,0.47753704,0.5952569,0.57878107,0.57134235,0.5558395,0.595825,0.5620827
0.6375,0.5125,0.4898203,0.47905084,0.48125264,0.47753704,0.55259943,0.549089,0.5647154,0.5600822,0.60168475,0.5783401
0.6375,0.5125,0.4898203,0.47905084,0.48125264,0.47753704,0.5888607,0.5894529,0.57245934,0.5605571,0.62602013,0.57797754
0.6375,0.5125,0.4898203,0.47905084,0.48125264,0.47753704,0.5383858,0.52781534,0.54670024,0.51675653,0.56519973,0.51805615
0.6375,0.5125,0.4898203,0.47905084,0.48125264,0.47753704,0.5187495,0.51561683,0.5467468,0.5297326,0.58512443,0.5413791
0.6375,0.5125,0.4898203,0.47905084,0.48125264,0.47753704,0.5432379,0.52516633,0.5482857,0.5260338,0.57912487,0.5513856
0.6375,0.5125,0.4898203,0.47905084,0.48125264,0.47753704,0.5703036,0.57310456,0.5707054,0.55563974,0.6061451,0.57123375
0.3875,0.325,0.4898203,0.47905084,0.48125264,0.47753704,0.3755719,0.3062616,0.45363247,0.36506382,0.3832543,0.33547235
0.3875,0.325,0.4898203,0.47905084,0.48125264,0.47753704,0.39406323,0.32302883,0.44580042,0.36829787,0.38162723,0.30533317
0.3875,0.325,0.4898203,0.47905084,0.48125264,0.47753704,0.40629917,0.3408989,0.4348523,0.35967362,0.4255583,0.31675228
0.3875,0.325,0.4898203,0.47905084,0.48125264,0.47753704,0.38231266,0.29361898,0.423378,0.3448007,0.4197787,0.31083134
0.3875,0.325,0.4898203,0.47905084,0.48125264,0.47753704,0.40677336,0.33507445,0.43449393,0.37838495,0.44032797,0.38047442
0.3875,0.325,0.4898203,0.47905084,0.48125264,0.47753704,0.4199923,0.35716644,0.43049672,0.3799231,0.40006247,0.36020294
0.3875,0.325,0.4898203,0.47905084,0.48125264,0.47753704,0.4415026,0.37759596,0.46558726,0.39916003,0.40199807,0.3381202
0.3875,0.325,0.4898203,0.47905084,0.48125264,0.47753704,0.42999256,0.3682052,0.44385692,0.4010648,0.4344632,0.3579433
0.3875,0.325,0.4898203,0.47905084,0.48125264,0.47753704,0.43712518,0.37038624,0.44323313,0.36104065,0.40400675,0.3309334
0.5875,0.5375,0.4898203,0.47905084,0.48125264,0.47753704,0.52681774,0.49481052,0.57651347,0.5494132,0.53624034,0.4823564
0.5875,0.5375,0.4898203,0.47905084,0.48125264,0.47753704,0.5018649,0.46010137,0.5768039,0.5371388,0.54124373,0.5130009
0.5875,0.5375,0.4898203,0.47905084,0.48125264,0.47753704,0.49677366,0.4898002,0.55114895,0.55167097,0.49650732,0.45917273
0.5875,0.5375,0.4898203,0.47905084,0.48125264,0.47753704,0.4792093,0.43590492,0.5205953,0.51745206,0.48120013,0.4483129
0.5875,0.5375,0.4898203,0.47905084,0.48125264,0.47753704,0.5014581,0.48354262,0.5165818,0.5357404,0.4984259,0.46729985
0.5875,0.5375,0.4898203,0.47905084,0.48125264,0.47753704,0.4767488,0.4578421,0.5113708,0.52929884,0.50887734,0.4660877
0.5875,0.5375,0.4898203,0.47905084,0.48125264,0.47753704,0.5160109,0.5243239,0.44007638,0.49022076,0.50334173,0.5800275
0.5875,0.5375,0.4898203,0.47905084,0.48125264,0.47753704,0.48734415,0.48600316,0.4077146,0.45042536,0.42376333,0.51570034
0.5875,0.5375,0.4898203,0.47905084,0.48125264,0.47753704,0.5173354,0.5306852,0.40838856,0.4465287,0.5400373,0.6320497
0.5,0.4375,0.4898203,0.47905084,0.48125264,0.47753704,0.49401134,0.43832058,0.52957803,0.48378658,0.4961485,0.44824594
0.5,0.4375,0.4898203,0.47905084,0.48125264,0.47753704,0.49021256,0.43999273,0.52959186,0.4653733,0.5294488,0.4840285
0.5,0.4375,0.4898203,0.47905084,0.48125264,0.47753704,0.41830134,0.34265143,0.530462,0.45091274,0.54444146,0.49968246
0.5,0.4375,0.4898203,0.47905084,0.48125264,0.47753704,0.503102,0.43992883,0.5318191,0.4585789,0.52524424,0.48183274
0.5,0.4375,0.4898203,0.47905084,0.48125264,0.47753704,0.495262,0.4249165,0.5281331,0.47594073,0.49714315,0.4489457
0.5,0.4375,0.4898203,0.47905084,0.48125264,0.47753704,0.45140788,0.3887242,0.5200738,0.4643984,0.4410447,0.39901787
0.5,0.4375,0.4898203,0.47905084,0.48125264,0.47753704,0.44524872,0.38662657,0.45390987,0.41880316,0.54682064,0.47522733
0.5,0.4375,0.4898203,0.47905084,0.48125264,0.47753704,0.34783417,0.26454103,0.35828418,0.3409,0.30368972,0.2684434
0.5,0.4375,0.4898203,0.47905084,0.48125264,0.47753704,0.3537786,0.27274132,0.35411298,0.32603112,0.32402462,0.29402843
0.475,0.325,0.4898203,0.47905084,0.48125264,0.47753704,0.38252747,0.3053776,0.39057982,0.33885014,0.39642578,0.3038704
0.475,0.325,0.4898203,0.47905084,0.48125264,0.47753704,0.3947036,0.3114653,0.37737185,0.32416263,0.32284015,0.24779171
0.475,0.325,0.4898203,0.47905084,0.48125264,0.47753704,0.3689164,0.28051853,0.41304073,0.33972323,0.33436105,0.26142246
0.475,0.325,0.4898203,0.47905084,0.48125264,0.47753704,0.4253302,0.38924426,0.42346352,0.34958303,0.35457283,0.26304615
0.475,0.325,0.4898203,0.47905084,0.48125264,0.47753704,0.338988,0.26284802,0.43726206,0.3570426,0.3229658,0.28124565
0.475,0.325,0.4898203,0.47905084,0.48125264,0.47753704,0.38911575,0.31099862,0.44592836,0.36641324,0.39222607,0.33623022
0.475,0.325,0.4898203,0.47905084,0.48125264,0.47753704,0.37576327,0.29315767,0.39872828,0.3274142,0.36332208,0.2908598
0.475,0.325,0.4898203,0.47905084,0.48125264,0.47753704,0.45283067,0.38699585,0.43675205,0.36614802,0.39547122,0.33300787
0.475,0.325,0.4898203,0.47905084,0.48125264,0.47753704,0.4041374,0.33696824,0.43927488,0.37731305,0.30108458,0.27906957
0.5875,0.5375,0.4898203,0.47905084,0.48125264,0.47753704,0.44320667,0.4088382,0.40115523,0.42003262,0.34449476,0.51825833
0.5875,0.5375,0.4898203,0.47905084,0.48125264,0.47753704,0.45425114,0.42087367,0.38075915,0.42933238,0.4115138,0.49280453
0.5875,0.5375,0.4898203,0.47905084,0.48125264,0.47753704,0.44747594,0.4123605,0.39360708,0.43299517,0.40109202,0.51480526
0.5875,0.5375,0.4898203,0.47905084,0.48125264,0.47753704,0.4484644,0.41431427,0.388515,0.43333822,0.3612131,0.47955236
0.5875,0.5375,0.4898203,0.47905084,0.48125264,0.47753704,0.45611918,0.42226225,0.40247545,0.45025012,0.3717312,0.509404
0.5875,0.5375,0.4898203,0.47905084,0.48125264,0.47753704,0.43605047,0.3935695,0.39338368,0.44078454,0.33699837,0.51561207
0.5875,0.5375,0.4898203,0.47905084,0.48125264,0.47753704,0.44946438,0.41806674,0.38709474,0.4305842,0.38247678,0.5414514
0.5875,0.5375,0.4898203,0.47905084,0.48125264,0.47753704,0.45288858,0.4217928,0.4051762,0.42586654,0.3751941,0.51854277
0.5875,0.5375,0.4898203,0.47905084,0.48125264,0.47753704,0.45891377,0.43044606,0.38548547,0.4184606,0.3803758,0.53633714
0.65,0.575,0.4898203,0.47905084,0.48125264,0.47753704,0.56961286,0.58907914,0.5813588,0.6402558,0.55729496,0.58451617
0.65,0.575,0.4898203,0.47905084,0.48125264,0.47753704,0.53621435,0.54738235,0.5914675,0.64891887,0.50153846,0.5539912
0.65,0.575,0.4898203,0.47905084,0.48125264,0.47753704,0.5640393,0.57195437,0.59794176,0.6534731,0.56224597,0.6524626
0.65,0.575,0.4898203,0.47905084,0.48125264,0.47753704,0.545102,0.56086373,0.5840018,0.60624135,0.6443631,0.64930505
0.65,0.575,0.4898203,0.47905084,0.48125264,0.47753704,0.5844495,0.6103544,0.58301264,0.60376847,0.6751864,0.65875554
0.65,0.575,0.4898203,0.47905084,0.48125264,0.47753704,0.54920137,0.54981905,0.5795735,0.5998643,0.63011414,0.63811964
0.65,0.575,0.4898203,0.47905084,0.48125264,0.47753704,0.5362402,0.5543596,0.58094287,0.6017212,0.6302928,0.638776
0.65,0.575,0.4898203,0.47905084,0.48125264,0.47753704,0.5789341,0.6004375,0.58591664,0.623922,0.623917,0.6560754
0.65,0.575,0.4898203,0.47905084,0.48125264,0.47753704,0.5550554,0.5903372,0.5820681,0.6406056,0.5515666,0.63181424
0.5875,0.525,0.4898203,0.47905084,0.48125264,0.47753704,0.39491302,0.3093499,0.45391756,0.3412214,0.49985492,0.34064776
0.5875,0.525,0.4898203,0.47905084,0.48125264,0.47753704,0.39024213,0.2953212,0.43650517,0.34031028,0.46299648,0.33164287
0.5875,0.525,0.4898203,0.47905084,0.48125264,0.47753704,0.41973644,0.3330325,0.4523676,0.3329739,0.41095993,0.33603498
0.5875,0.525,0.4898203,0.47905084,0.48125264,0.47753704,0.5115098,0.45530123,0.46636248,0.37799752,0.49425286,0.39852577
0.5875,0.525,0.4898203,0.47905084,0.48125264,0.47753704,0.46197814,0.41040128,0.44466427,0.3639233,0.51711583,0.39960104
0.5875,0.525,0.4898203,0.47905084,0.48125264,0.47753704,0.4213131,0.35807142,0.43279272,0.35295725,0.4784041,0.35674796
0.5875,0.525,0.4898203,0.47905084,0.48125264,0.47753704,0.34896392,0.27287066,0.43940187,0.38075548,0.45017835,0.31751373
0.5875,0.525,0.4898203,0.47905084,0.48125264,0.47753704,0.43689463,0.3806456,0.42953,0.3581686,0.522808,0.40464386
0.5875,0.525,0.4898203,0.47905084,0.48125264,0.47753704,0.42468324,0.36451817,0.4572657,0.38099676,0.49558905,0.40016964
0.4,0.2375,0.4898203,0.47905084,0.48125264,0.47753704,0.35486946,0.2829717,0.3796978,0.30695146,0.32270008,0.28776327
0.4,0.2375,0.4898203,0.47905084,0.48125264,0.47753704,0.40108946,0.3375522,0.37523556,0.29554856,0.33226252,0.23027033
0.4,0.2375,0.4898203,0.47905084,0.48125264,0.47753704,0.36785406,0.27927455,0.3168891,0.26268917,0.30894288,0.22032918
0.4,0.2375,0.4898203,0.47905084,0.48125264,0.47753704,0.49434668,0.45485312,0.3943186,0.3152607,0.38098153,0.28202948
0.4,0.2375,0.4898203,0.47905084,0.48125264,0.47753704,0.3607884,0.29143798,0.3618669,0.28980148,0.36216217,0.23910853
0.4,0.2375,0.4898203,0.47905084,0.48125264,0.47753704,0.39552563,0.35043478,0.35614467,0.29611772,0.38453886,0.27367678
0.4,0.2375,0.4898203,0.47905084,0.48125264,0.47753704,0.39510578,0.32632393,0.37461162,0.3087961,0.3748152,0.27141738
0.4,0.2375,0.4898203,0.47905084,0.48125264,0.47753704,0.4037228,0.3269787,0.40951902,0.32991588,0.36543304,0.2653858
0.4,0.2375,0.4898203,0.47905084,0.48125264,0.47753704,0.33795628,0.26245964,0.35179415,0.2853284,0.34575266,0.22435817
0.45,0.5,0.4898203,0.47905084,0.48125264,0.47753704,0.54644394,0.52959853,0.5262868,0.5623479,0.5483239,0.49773517
0.45,0.5,0.4898203,0.47905084,0.48125264,0.47753704,0.5479362,0.5372255,0.51641023,0.53108335,0.53450775,0.47491962
0.45,0.5,0.4898203,0.47905084,0.48125264,0.47753704,0.5226056,0.49670273,0.53872186,0.5532229,0.5818338,0.5259645
0.45,0.5,0.4898203,0.47905084,0.48125264,0.47753704,0.54230016,0.5206219,0.52495205,0.5609017,0.5636629,0.4983523
0.45,0.5,0.4898203,0.47905084,0.48125264,0.47753704,0.5350567,0.5124252,0.54414475,0.553843,0.5828908,0.52628464
0.45,0.5,0.4898203,0.47905084,0.48125264,0.47753704,0.51615417,0.5052221,0.53525555,0.55704653,0.5287694,0.47308227
0.45,0.5,0.4898203,0.47905084,0.48125264,0.47753704,0.5146626,0.48906744,0.533348,0.5459589,0.53227323,0.47123006
0.45,0.5,0.4898203,0.47905084,0.48125264,0.47753704,0.54619837,0.53533155,0.5441577,0.5625205,0.5228155,0.46550432
0.45,0.5,0.4898203,0.47905084,0.48125264,0.47753704,0.4987874,0.45311922,0.5268924,0.51289946,0.51952773,0.4535767
0.6375,0.5625,0.4898203,0.47905084,0.48125264,0.47753704,0.5699969,0.5450782,0.55105555,0.5237436,0.57345307,0.5175659
0.6375,0.5625,0.4898203,0.47905084,0.48125264,0.47753704,0.49995524,0.45415276,0.5126389,0.4613887,0.54438835,0.4968529
0.6375,0.5625,0.4898203,0.47905084,0.48125264,0.47753704,0.5111697,0.45456994,0.49361452,0.44686508,0.5828593,0.50514024
0.6375,0.5625,0.4898203,0.47905084,0.48125264,0.47753704,0.48418796,0.44731075,0.45118317,0.42199484,0.53328544,0.4645365
0.6375,0.5625,0.4898203,0.47905084,0.48125264,0.47753704,0.4364115,0.38446826,0.43534583,0.42303017,0.449747,0.4071757
0.6375,0.5625,0.4898203,0.47905084,0.48125264,0.47753704,0.48883396,0.45902443,0.4844936,0.47857293,0.5387353,0.5164475
0.6375,0.5625,0.4898203,0.47905084,0.48125264,0.47753704,0.5616183,0.5618002,0.5606413,0.5472894,0.60564715,0.5446138
0.6375,0.5625,0.4898203,0.47905084,0.48125264,0.47753704,0.5333621,0.51540905,0.5441508,0.5350001,0.65488625,0.62353325
0.6375,0.5625,0.4898203,0.47905084,0.48125264,0.47753704,0.4858176,0.4843232,0.45706308,0.4577299,0.52507186,0.6057894
0.6,0.6,0.4898203,0.47905084,0.48125264,0.47753704,0.45554012,0.37929338,0.42862672,0.3348331,0.47985065,0.32629207
0.6,0.6,0.4898203,0.47905084,0.48125264,0.47753704,0.49502563,0.4229088,0.4522927,0.3511439,0.46168572,0.35029474
0.6,0.6,0.4898203,0.47905084,0.48125264,0.47753704,0.47436398,0.40724277,0.49547422,0.4070655,0.5209576,0.42972922
0.6,0.6,0.4898203,0.47905084,0.48125264,0.47753704,0.48492664,0.4255948,0.4933408,0.43675634,0.5060792,0.48491368
0.6,0.6,0.4898203,0.47905084,0.48125264,0.47753704,0.48671597,0.43677193,0.5415261,0.5163882,0.54275155,0.5234922
0.6,0.6,0.4898203,0.47905084,0.48125264,0.47753704,0.48336482,0.42435607,0.44511092,0.47429186,0.5142004,0.565328
0.6,0.6,0.4898203,0.47905084,0.48125264,0.47753704,0.49959514,0.4979174,0.5291498,0.54284936,0.50719684,0.527704
0.6,0.6,0.4898203,0.47905084,0.48125264,0.47753704,0.49449533,0.49793065,0.537415,0.534734,0.5384876,0.5406184
0.6,0.6,0.4898203,0.47905084,0.48125264,0.47753704,0.50257385,0.4933769,0.5380427,0.5595659,0.56142735,0.6155685
0.3375,0.2125,0.4898203,0.47905084,0.48125264,0.47753704,0.3539813,0.26948828,0.38549802,0.36303645,0.36894864,0.24741781
0.3375,0.2125,0.4898203,0.47905084,0.48125264,0.47753704,0.35826936,0.30722716,0.35956094,0.341402,0.35200316,0.25766551
0.3375,0.2125,0.4898203,0.47905084,0.48125264,0.47753704,0.400466,0.33804762,0.3818705,0.35996413,0.35080054,0.25642222
0.3375,0.2125,0.4898203,0.47905084,0.48125264,0.47753704,0.35507697,0.3018115,0.33829123,0.32896295,0.34638768,0.2509404
0.3375,0.2125,0.4898203,0.47905084,0.48125264,0.47753704,0.3613536,0.3083559,0.33483642,0.329069,0.33619663,0.2404338
0.3375,0.2125,0.4898203,0.47905084,0.48125264,0.47753704,0.35538113,0.29252154,0.34129453,0.31775296,0.40863347,0.36304933
0.3375,0.2125,0.4898203,0.47905084,0.48125264,0.47753704,0.40919662,0.32898325,0.43436652,0.31936857,0.36261654,0.27311248
0.3375,0.2125,0.4898203,0.47905084,0.48125264,0.47753704,0.37939698,0.3063975,0.35278285,0.30250448,0.42944026,0.37912744
0.3375,0.2125,0.4898203,0.47905084,0.48125264,0.47753704,0.3949086,0.3250271,0.38195252,0.3009212,0.35913226,0.29020053
0.675,0.5875,0.4898203,0.47905084,0.48125264,0.47753704,0.53854686,0.5222087,0.52368915,0.519111,0.49337447,0.4488798
0.675,0.5875,0.4898203,0.47905084,0.48125264,0.47753704,0.52965623,0.49385,0.5467408,0.51470447,0.49621385,0.43397257
0.675,0.5875,0.4898203,0.47905084,0.48125264,0.47753704,0.5040325,0.47870106,0.5378372,0.54534924,0.5280236,0.50938076
0.675,0.5875,0.4898203,0.47905084,0.48125264,0.47753704,0.496125,0.46728027,0.49679878,0.46800753,0.47396874,0.44618452
0.675,0.5875,0.4898203,0.47905084,0.48125264,0.47753704,0.5126923,0.48964977,0.4967918,0.4700933,0.42356783,0.35356975
0.675,0.5875,0.4898203,0.47905084,0.48125264,0.47753704,0.55822146,0.5133191,0.50904,0.45494473,0.46731806,0.38858527
0.675,0.5875,0.4898203,0.47905084,0.48125264,0.47753704,0.5212945,0.45899093,0.53614664,0.4813749,0.53563017,0.47400805
0.675,0.5875,0.4898203,0.47905084,0.48125264,0.47753704,0.4979009,0.43736053,0.5181026,0.47505322,0.49903834,0.411979
0.675,0.5875,0.4898203,0.47905084,0.48125264,0.47753704,0.5196521,0.4785114,0.5196065,0.47881746,0.45279765,0.3794363
0.475,0.4375,0.4898203,0.47905084,0.48125264,0.47753704,0.38172185,0.3216853,0.41394156,0.3644597,0.35372835,0.3126291
0.475,0.4375,0.4898203,0.47905084,0.48125264,0.47753704,0.39513782,0.3429138,0.4068425,0.35548532,0.35679036,0.31832823
0.475,0.4375,0.4898203,0.47905084,0.48125264,0.47753704,0.4161465,0.3743614,0.40151957,0.35507298,0.36758548,0.32772782
0.475,0.4375,0.4898203,0.47905084,0.48125264,0.47753704,0.38085914,0.33048102,0.41323027,0.36421555,0.36943573,0.31549498
0.475,0.4375,0.4898203,0.47905084,0.48125264,0.47753704,0.39338434,0.33954293,0.4180127,0.3620103,0.39629832,0.32601407
0.475,0.4375,0.4898203,0.47905084,0.48125264,0.47753704,0.3941368,0.3394965,0.42763683,0.36573032,0.4144459,0.34245577
0.475,0.4375,0.4898203,0.47905084,0.48125264,0.47753704,0.4045559,0.34884167,0.43335074,0.36685795,0.40222237,0.33995268
0.475,0.4375,0.4898203,0.47905084,0.48125264,0.47753704,0.40536806,0.35604054,0.4271499,0.36410397,0.39492798,0.33567852
0.475,0.4375,0.4898203,0.47905084,0.48125264,0.47753704,0.39537406,0.3403449,0.4129549,0.36186445,0.36095643,0.3300095
0.3875,0.3375,0.4898203,0.47905084,0.48125264,0.47753704,0.35138258,0.31750035,0.3425731,0.3238549,0.27360153,0.3549878
0.3875,0.3375,0.4898203,0.47905084,0.48125264,0.47753704,0.34304848,0.29966813,0.32592896,0.30135745,0.30777988,0.36871094
0.3875,0.3375,0.4898203,0.47905084,0.48125264,0.47753704,0.37418553,0.3389203,0.34195685,0.31994176,0.25691646,0.3320928
0.3875,0.3375,0.4898203,0.47905084,0.48125264,0.47753704,0.3308306,0.27395838,0.32198563,0.30238548,0.28863758,0.36139017
0.3875,0.3375,0.4898203,0.47905084,0.48125264,0.47753704,0.37794888,0.34818166,0.342525,0.3177194,0.3036282,0.36857694
0.3875,0.3375,0.4898203,0.47905084,0.48125264,0.47753704,0.34471732,0.2983397,0.33145475,0.30680564,0.33119005,0.41896552
0.3875,0.3375,0.4898203,0.47905084,0.48125264,0.47753704,0.36478198,0.34425914,0.35610634,0.3269415,0.33499548,0.36001256
0.3875,0.3375,0.4898203,0.47905084,0.48125264,0.47753704,0.34584093,0.29528692,0.32454544,0.30118698,0.32044384,0.38787338
0.3875,0.3375,0.4898203,0.47905084,0.48125264,0.47753704,0.36701742,0.33270648,0.3407871,0.31932497,0.28411564,0.38596016
0.55,0.575,0.4898203,0.47905084,0.48125264,0.47753704,0.52754617,0.5122099,0.5857482,0.5851368,0.624689,0.5838168
0.55,0.575,0.4898203,0.47905084,0.48125264,0.47753704,0.52616036,0.5544731,0.57315564,0.60147524,0.5541428,0.6089871
0.55,0.575,0.4898203,0.47905084,0.48125264,0.47753704,0.5256192,0.5480133,0.57446396,0.61840034,0.4704529,0.5280696
0.55,0.575,0.4898203,0.47905084,0.48125264,0.47753704,0.57136685,0.61516124,0.5878971,0.6375181,0.5213806,0.60445714
0.55,0.575,0.4898203,0.47905084,0.48125264,0.47753704,0.511822,0.52317834,0.5632722,0.588428,0.550231,0.5827295
0.55,0.575,0.4898203,0.47905084,0.48125264,0.47753704,0.50926375,0.53128403,0.5465896,0.57440144,0.49888623,0.506135
0.55,0.575,0.4898203,0.47905084,0.48125264,0.47753704,0.43693584,0.38263744,0.43197644,0.37183142,0.40717402,0.28780472
0.55,0.575,0.4898203,0.47905084,0.48125264,0.47753704,0.44527063,0.40198028,0.42094302,0.34560758,0.51810205,0.40040353
0.55,0.575,0.4898203,0.47905084,0.48125264,0.47753704,0.4803847,0.42302316,0.3851912,0.32711455,0.41609502,0.34541473
0.65,0.5625,0.4898203,0.47905084,0.48125264,0.47753704,0.602374,0.6122723,0.5897516,0.5525499,0.5096543,0.5363259
0.65,0.5625,0.4898203,0.47905084,0.48125264,0.47753704,0.5922873,0.60690016,0.5958312,0.5596009,0.5367672,0.5071548
0.65,0.5625,0.4898203,0.47905084,0.48125264,0.47753704,0.5482659,0.5356827,0.5668326,0.51125413,0.52402806,0.47961727
0.65,0.5625,0.4898203,0.47905084,0.48125264,0.47753704,0.58385605,0.5953355,0.5861286,0.5373586,0.5791542,0.56628245
0.65,0.5625,0.4898203,0.47905084,0.48125264,0.47753704,0.5909712,0.60820377,0.59267163,0.57125354,0.59600717,0.6078063
0.65,0.5625,0.4898203,0.47905084,0.48125264,0.47753704,0.6381585,0.6549628,0.5872925,0.5624,0.595654,0.6305303
0.65,0.5625,0.4898203,0.47905084,0.48125264,0.47753704,0.55807996,0.5568353,0.5695977,0.56892276,0.58961165,0.61904615
0.65,0.5625,0.4898203,0.47905084,0.48125264,0.47753704,0.54719055,0.5256344,0.5810127,0.5553777,0.52855885,0.507073
0.65,0.5625,0.4898203,0.47905084,0.48125264,0.47753704,0.57380795,0.5665369,0.58318114,0.5857787,0.5696444,0.56737614
0.625,0.6,0.4898203,0.47905084,0.48125264,0.47753704,0.5347607,0.5347686,0.55331707,0.6276809,0.5473518,0.6488566
0.625,0.6,0.4898203,0.47905084,0.48125264,0.47753704,0.5167919,0.539159,0.4919725,0.57001007,0.4448391,0.63258636
0.625,0.6,0.4898203,0.47905084,0.48125264,0.47753704,0.47228712,0.4708113,0.48993766,0.49321112,0.46947223,0.4566252
0.625,0.6,0.4898203,0.47905084,0.48125264,0.47753704,0.5102713,0.49272823,0.53753936,0.48663324,0.4714562,0.3827397
0.625,0.6,0.4898203,0.47905084,0.48125264,0.47753704,0.54734015,0.5307515,0.53412837,0.4875665,0.5191424,0.44177145
0.625,0.6,0.4898203,0.47905084,0.48125264,0.47753704,0.5093799,0.51599926,0.53372157,0.5226656,0.5316667,0.48238745
0.625,0.6,0.4898203,0.47905084,0.48125264,0.47753704,0.5259577,0.5585365,0.53226644,0.55724037,0.53543884,0.49335444
0.625,0.6,0.4898203,0.47905084,0.48125264,0.47753704,0.53908205,0.5866283,0.542807,0.5754883,0.5415747,0.5700352
0.625,0.6,0.4898203,0.47905084,0.48125264,0.47753704,0.5181066,0.53036284,0.53856164,0.5943697,0.58011043,0.6457584
0.3,0.275,0.4898203,0.47905084,0.48125264,0.47753704,0.40285963,0.3262364,0.34010005,0.2709843,0.24856952,0.25879675
0.3,0.275,0.4898203,0.47905084,0.48125264,0.47753704,0.42522356,0.35254407,0.34925246,0.28663474,0.2691504,0.21905729
0.3,0.275,0.4898203,0.47905084,0.48125264,0.47753704,0.40323412,0.33227617,0.3701146,0.34740064,0.30969676,0.2711806
0.3,0.275,0.4898203,0.47905084,0.48125264,0.47753704,0.38026267,0.29088336,0.3554616,0.30156803,0.33815777,0.26794145
0.3,0.275,0.4898203,0.47905084,0.48125264,0.47753704,0.44401145,0.397453,0.34474975,0.2671759,0.25301513,0.18506353
0.3,0.275,0.4898203,0.47905084,0.48125264,0.47753704,0.43196225,0.3685423,0.36521298,0.31330985,0.30787128,0.24934863
0.3,0.275,0.4898203,0.47905084,0.48125264,0.47753704,0.43308794,0.35425884,0.3472234,0.26875928,0.33133456,0.2708567
0.3,0.275,0.4898203,0.47905084,0.48125264,0.47753704,0.41854095,0.35490635,0.3524046,0.29120582,0.25150284,0.20136577
0.3,0.275,0.4898203,0.47905084,0.48125264,0.47753704,0.44000018,0.37043154,0.3437336,0.27504432,0.30986124,0.24141613
0.4875,0.1375,0.4898203,0.47905084,0.48125264,0.47753704,0.37125754,0.29828888,0.37137568,0.34122616,0.35774356,0.23063211
0.4875,0.1375,0.4898203,0.47905084,0.48125264,0.47753704,0.36047623,0.2678668,0.37405497,0.29727033,0.3483384,0.21104307
0.4875,0.1375,0.4898203,0.47905084,0.48125264,0.47753704,0.3435513,0.25821778,0.3691846,0.2719692,0.24984092,0.23316377
0.4875,0.1375,0.4898203,0.47905084,0.48125264,0.47753704,0.36778548,0.2882943,0.3722183,0.2944784,0.36537504,0.2222806
0.4875,0.1375,0.4898203,0.47905084,0.48125264,0.47753704,0.3840534,0.32098597,0.36007637,0.35498685,0.37573767,0.21764621
0.4875,0.1375,0.4898203,0.47905084,0.48125264,0.47753704,0.35478202,0.26686513,0.3751665,0.2771098,0.268385,0.2431708
0.4875,0.1375,0.4898203,0.47905084,0.48125264,0.47753704,0.3995676,0.32527223,0.37093374,0.39102295,0.42919394,0.3194571
0.4875,0.1375,0.4898203,0.47905084,0.48125264,0.47753704,0.3705752,0.30683285,0.36219162,0.2997139,0.3103747,0.20853806
0.4875,0.1375,0.4898203,0.47905084,0.48125264,0.47753704,0.3305447,0.26357993,0.35906196,0.27109262,0.26727873,0.18625301
0.425,0.7875,0.4898203,0.47905084,0.48125264,0.47753704,0.5316009,0.5308275,0.4979475,0.56841254,0.5048946,0.6384175
0.425,0.7875,0.4898203,0.47905084,0.48125264,0.47753704,0.5204825,0.5265423,0.4979693,0.5698378,0.45150882,0.6047197
0.425,0.7875,0.4898203,0.47905084,0.48125264,0.47753704,0.5350828,0.54462284,0.4982897,0.5712973,0.43931466,0.6439995
0.425,0.7875,0.4898203,0.47905084,0.48125264,0.47753704,0.5260327,0.52485603,0.49968487,0.5737072,0.4481936,0.62313014
0.425,0.7875,0.4898203,0.47905084,0.48125264,0.47753704,0.5410667,0.5471293,0.52521443,0.5988251,0.4645572,0.6224453
0.425,0.7875,0.4898203,0.47905084,0.48125264,0.47753704,0.53303003,0.53731465,0.518165,0.5862116,0.45568264,0.61999077
0.425,0.7875,0.4898203,0.47905084,0.48125264,0.47753704,0.5413301,0.5451265,0.5354215,0.60639143,0.5195204,0.6175666
0.425,0.7875,0.4898203,0.47905084,0.48125264,0.47753704,0.52955794,0.5310609,0.53299093,0.60194194,0.48399556,0.63493216
0.425,0.7875,0.4898203,0.47905084,0.48125264,0.47753704,0.5197854,0.5254393,0.5200847,0.5916302,0.41263792,0.6267499
0.525,0.5125,0.4898203,0.47905084,0.48125264,0.47753704,0.47877955,0.4487155,0.44926238,0.5073693,0.44774204,0.40973544
0.525,0.5125,0.4898203,0.47905084,0.48125264,0.47753704,0.4365584,0.3985505,0.44465327,0.47517195,0.40281108,0.36771554
0.525,0.5125,0.4898203,0.47905084,0.48125264,0.47753704,0.45679647,0.4217953,0.4510317,0.49079558,0.40630692,0.39617622
0.525,0.5125,0.4898203,0.47905084,0.48125264,0.47753704,0.44794005,0.41682714,0.4200455,0.47130752,0.39293584,0.3680613
0.525,0.5125,0.4898203,0.47905084,0.48125264,0.47753704,0.43395418,0.38252193,0.38870943,0.33286965,0.4202495,0.32286954
0.525,0.5125,0.4898203,0.47905084,0.48125264,0.47753704,0.36507112,0.28621343,0.40496784,0.34654427,0.4042096,0.32499835
0.525,0.5125,0.4898203,0.47905084,0.48125264,0.47753704,0.43567663,0.39428645,0.42332777,0.39567766,0.42474937,0.35189074
0.525,0.5125,0.4898203,0.47905084,0.48125264,0.47753704,0.46783543,0.45200878,0.48414978,0.48810613,0.41751903,0.41076586
0.525,0.5125,0.4898203,0.47905084,0.48125264,0.47753704,0.444433,0.40551716,0.4506226,0.45359108,0.40927267,0.36754838
0.5875,0.675,0.4898203,0.47905084,0.48125264,0.47753704,0.54619044,0.58337265,0.54684186,0.63511777,0.5619129,0.6501735
0.5875,0.675,0.4898203,0.47905084,0.48125264,0.47753704,0.57933927,0.62479216,0.55944157,0.65433675,0.50235957,0.5830384
0.5875,0.675,0.4898203,0.47905084,0.48125264,0.47753704,0.5520507,0.5788158,0.55036247,0.64417654,0.5190058,0.6002539
0.5875,0.675,0.4898203,0.47905084,0.48125264,0.47753704,0.5386812,0.5575321,0.5630722,0.6352346,0.5428103,0.58574533
0.5875,0.675,0.4898203,0.47905084,0.48125264,0.47753704,0.5250706,0.53278697,0.56209755,0.6266136,0.48467332,0.63673466
0.5875,0.675,0.4898203,0.47905084,0.48125264,0.47753704,0.5427346,0.553627,0.5673342,0.63733864,0.53770995,0.632374
0.5875,0.675,0.4898203,0.47905084,0.48125264,0.47753704,0.5475912,0.57415223,0.57160664,0.656628,0.51489425,0.68002254
0.5875,0.675,0.4898203,0.47905084,0.48125264,0.47753704,0.5255861,0.54682726,0.56314754,0.6500433,0.49268,0.67232317
0.5875,0.675,0.4898203,0.47905084,0.48125264,0.47753704,0.41873926,0.40772867,0.3918761,0.43682072,0.3567087,0.43919706
0.425,0.6875,0.4898203,0.47905084,0.48125264,0.47753704,0.49510664,0.5323246,0.4884104,0.5809779,0.4464684,0.5114857
0.425,0.6875,0.4898203,0.47905084,0.48125264,0.47753704,0.5068998,0.53343135,0.5374061,0.6064379,0.54979646,0.5073896
0.425,0.6875,0.4898203,0.47905084,0.48125264,0.47753704,0.5233264,0.5456273,0.57291615,0.65016514,0.56915796,0.6326907
0.425,0.6875,0.4898203,0.47905084,0.48125264,0.47753704,0.52591133,0.54670614,0.56337655,0.63902867,0.52445525,0.6330005
0.425,0.6875,0.4898203,0.47905084,0.48125264,0.47753704,0.5427096,0.5658067,0.5567167,0.62826,0.48283663,0.589884
0.425,0.6875,0.4898203,0.47905084,0.48125264,0.47753704,0.5166439,0.5328973,0.5622722,0.6342404,0.4871118,0.59135973
0.425,0.6875,0.4898203,0.47905084,0.48125264,0.47753704,0.5280706,0.54181266,0.5223465,0.574175,0.52920294,0.5814769
0.425,0.6875,0.4898203,0.47905084,0.48125264,0.47753704,0.5368577,0.5541601,0.51663303,0.5689697,0.5581079,0.5650473
0.425,0.6875,0.4898203,0.47905084,0.48125264,0.47753704,0.5100677,0.5312597,0.5241262,0.5807705,0.5505486,0.59679455
0.525,0.75,0.4898203,0.47905084,0.48125264,0.47753704,0.5490631,0.554487,0.54892504,0.6211443,0.6166789,0.5667964
0.525,0.75,0.4898203,0.47905084,0.48125264,0.47753704,0.5644481,0.5727538,0.5500549,0.6182431,0.6664036,0.5972016
0.525,0.75,0.4898203,0.47905084,0.48125264,0.47753704,0.53252065,0.534769,0.5241005,0.59792405,0.62447095,0.55001336
0.525,0.75,0.4898203,0.47905084,0.48125264,0.47753704,0.5438297,0.55010015,0.5308277,0.6035821,0.6684587,0.5989672
0.525,0.75,0.4898203,0.47905084,0.48125264,0.47753704,0.55653644,0.5717609,0.52897775,0.6073903,0.6415401,0.6057755
0.525,0.75,0.4898203,0.47905084,0.48125264,0.47753704,0.5500681,0.5492404,0.52265143,0.5997251,0.6509126,0.5916148
0.525,0.75,0.4898203,0.47905084,0.48125264,0.47753704,0.543368,0.5523694,0.5339535,0.61125714,0.66788447,0.6129177
0.525,0.75,0.4898203,0.47905084,0.48125264,0.47753704,0.5576186,0.5721418,0.5264099,0.60228753,0.6426009,0.6037599
0.525,0.75,0.4898203,0.47905084,0.48125264,0.47753704,0.5085984,0.5173484,0.5141213,0.5896683,0.6117944,0.5588592
0.4125,0.3625,0.4898203,0.47905084,0.48125264,0.47753704,0.35158494,0.27982068,0.35036618,0.31679198,0.33337504,0.21541093
0.4125,0.3625,0.4898203,0.47905084,0.48125264,0.47753704,0.35184672,0.2804871,0.36760518,0.3141771,0.32605994,0.20977542
0.4125,0.3625,0.4898203,0.47905084,0.48125264,0.47753704,0.35241437,0.27161694,0.39308786,0.30381238,0.34431815,0.21765774
0.4125,0.3625,0.4898203,0.47905084,0.48125264,0.47753704,0.33894694,0.25262287,0.36576384,0.2703639,0.32694602,0.23411125
0.4125,0.3625,0.4898203,0.47905084,0.48125264,0.47753704,0.32404447,0.23119645,0.34128487,0.25659013,0.30127028,0.23831773
0.4125,0.3625,0.4898203,0.47905084,0.48125264,0.47753704,0.3242966,0.23125634,0.3293438,0.25009024,0.3030117,0.24163973
0.4125,0.3625,0.4898203,0.47905084,0.48125264,0.47753704,0.3176503,0.2270049,0.3704102,0.28020957,0.28898352,0.20941846
0.4125,0.3625,0.4898203,0.47905084,0.48125264,0.47753704,0.32499358,0.22790949,0.35854477,0.26916543,0.28440148,0.20684592
0.4125,0.3625,0.4898203,0.47905084,0.48125264,0.47753704,0.32591906,0.233136,0.36480576,0.27028173,0.307563,0.22566189
0.425,0.275,0.4898203,0.47905084,0.48125264,0.47753704,0.4197566,0.3572153,0.30605483,0.27002066,0.40217865,0.24628378
0.425,0.275,0.4898203,0.47905084,0.48125264,0.47753704,0.41917685,0.3572039,0.32537234,0.28836936,0.407201,0.24088964
0.425,0.275,0.4898203,0.47905084,0.48125264,0.47753704,0.39535046,0.32317457,0.32947958,0.2874907,0.45216954,0.2652581
0.425,0.275,0.4898203,0.47905084,0.48125264,0.47753704,0.3828591,0.32222265,0.33790064,0.28203648,0.50444645,0.29135922
0.425,0.275,0.4898203,0.47905084,0.48125264,0.47753704,0.39982527,0.3544641,0.2850588,0.2605708,0.40985942,0.23672432
0.425,0.275,0.4898203,0.47905084,0.48125264,0.47753704,0.3805684,0.3066975,0.32223696,0.27120182,0.40954477,0.2314655
0.425,0.275,0.4898203,0.47905084,0.48125264,0.47753704,0.40746766,0.3362661,0.32654285,0.27900523,0.40365005,0.22255884
0.425,0.275,0.4898203,0.47905084,0.48125264,0.47753704,0.38707432,0.3207026,0.32380205,0.2833553,0.36278117,0.22681177
0.425,0.275,0.4898203,0.47905084,0.48125264,0.47753704,0.3806888,0.3058592,0.2879811,0.26142937,0.41848972,0.22364481
0.5125,0.575,0.4898203,0.47905084,0.48125264,0.47753704,0.4207413,0.36651772,0.44482416,0.46665248,0.5173334,0.4607079
0.5125,0.575,0.4898203,0.47905084,0.48125264,0.47753704,0.41925317,0.36593896,0.4434187,0.46926832,0.43064806,0.37042984
0.5125,0.575,0.4898203,0.47905084,0.48125264,0.47753704,0.38689148,0.32347745,0.449426,0.46518886,0.4444469,0.38044307
0.5125,0.575,0.4898203,0.47905084,0.48125264,0.47753704,0.4480851,0.40044153,0.46041396,0.48015535,0.45732352,0.40520725
0.5125,0.575,0.4898203,0.47905084,0.48125264,0.47753704,0.47085428,0.4310835,0.44910565,0.46289107,0.42428166,0.37601408
0.5125,0.575,0.4898203,0.47905084,0.48125264,0.47753704,0.43928576,0.39597017,0.46133482,0.48246053,0.45158213,0.41183522
0.5125,0.575,0.4898203,0.47905084,0.48125264,0.47753704,0.4481188,0.3948617,0.45940137,0.4677785,0.4126014,0.3616147
0.5125,0.575,0.4898203,0.47905084,0.48125264,0.47753704,0.45804185,0.4120937,0.45806998,0.47787926,0.42353222,0.34359938
0.5125,0.575,0.4898203,0.47905084,0.48125264,0.47753704,0.44565916,0.3894791,0.4483402,0.4635122,0.40483457,0.3565026
0.375,0.625,0.4898203,0.47905084,0.48125264,0.47753704,0.53548133,0.5742149,0.49029124,0.55008507,0.52767646,0.5909763
0.375,0.625,0.4898203,0.47905084,0.48125264,0.47753704,0.53164685,0.5533749,0.48730242,0.5476153,0.475028,0.5977656
0.375,0.625,0.4898203,0.47905084,0.48125264,0.47753704,0.52093524,0.54050493,0.51297224,0.5671246,0.46665543,0.5466048
0.375,0.625,0.4898203,0.47905084,0.48125264,0.47753704,0.5155785,0.5322264,0.49813095,0.54876935,0.46524963,0.6287267
0.375,0.625,0.4898203,0.47905084,0.48125264,0.47753704,0.53327835,0.5486373,0.5216786,0.5875315,0.5119207,0.6209387
0.375,0.625,0.4898203,0.47905084,0.48125264,0.47753704,0.5257169,0.5489302,0.5109536,0.5639368,0.5234579,0.6649231
0.375,0.625,0.4898203,0.47905084,0.48125264,0.47753704,0.51885664,0.55289805,0.50657666,0.5654211,0.50572497,0.59037316
0.375,0.625,0.4898203,0.47905084,0.48125264,0.47753704,0.54660857,0.57422566,0.49551705,0.53738534,0.4702541,0.6145212
0.375,0.625,0.4898203,0.47905084,0.48125264,0.47753704,0.5406183,0.57435155,0.48034862,0.5410048,0.51819116,0.6237042
0.45,0.6475,0.4898203,0.47905084,0.48125264,0.47753704,0.5512302,0.5569513,0.5249245,0.5930815,0.57907236,0.6286289
0.45,0.6475,0.4898203,0.47905084,0.48125264,0.47753704,0.5039222,0.4684798,0.4748423,0.4682033,0.5373308,0.5645579
0.45,0.6475,0.4898203,0.47905084,0.48125264,0.47753704,0.4692862,0.421695,0.44119433,0.40983117,0.5029477,0.46782264
0.45,0.6475,0.4898203,0.47905084,0.48125264,0.47753704,0.51848894,0.49351907,0.50554866,0.5121132,0.5389802,0.49496534
0.45,0.6475,0.4898203,0.47905084,0.48125264,0.47753704,0.5309132,0.5052643,0.5117752,0.51171696,0.58902764,0.52758664
0.45,0.6475,0.4898203,0.47905084,0.48125264,0.47753704,0.5190472,0.4870959,0.5007022,0.5305474,0.5332066,0.5001073
0.45,0.6475,0.4898203,0.47905084,0.48125264,0.47753704,0.53690344,0.5155723,0.5100165,0.5333207,0.56999046,0.54637593
0.45,0.6475,0.4898203,0.47905084,0.48125264,0.47753704,0.5416181,0.53402215,0.5117223,0.56741965,0.5491539,0.59758806
0.45,0.6475,0.4898203,0.47905084,0.48125264,0.47753704,0.5416436,0.5281352,0.53896934,0.6078872,0.48567423,0.6642962
0.6875,0.6875,0.4898203,0.47905084,0.48125264,0.47753704,0.5264386,0.5221083,0.5371448,0.56701195,0.56186444,0.5563997
0.6875,0.6875,0.4898203,0.47905084,0.48125264,0.47753704,0.51299196,0.52667296,0.5408314,0.5887263,0.55357915,0.5734583
0.6875,0.6875,0.4898203,0.47905084,0.48125264,0.47753704,0.47670758,0.45312452,0.5320181,0.5496519,0.53204453,0.52064806
0.6875,0.6875,0.4898203,0.47905084,0.48125264,0.47753704,0.49149728,0.45589036,0.5377468,0.56805354,0.51685274,0.49779004
0.6875,0.6875,0.4898203,0.47905084,0.48125264,0.47753704,0.51211715,0.5006003,0.54689676,0.58955514,0.5751372,0.5798359
0.6875,0.6875,0.4898203,0.47905084,0.48125264,0.47753704,0.52701294,0.54394776,0.5452918,0.5986928,0.47320113,0.573999
0.6875,0.6875,0.4898203,0.47905084,0.48125264,0.47753704,0.5273199,0.5398111,0.5472965,0.5965371,0.55697876,0.6212176
0.6875,0.6875,0.4898203,0.47905084,0.48125264,0.47753704,0.5485908,0.56613797,0.572645,0.6380732,0.5547626,0.6161072
0.6875,0.6875,0.4898203,0.47905084,0.48125264,0.47753704,0.5149201,0.5209747,0.49734032,0.54227185,0.5589642,0.664331
0.4375,0.4375,0.4898203,0.47905084,0.48125264,0.47753704,0.33930194,0.2585077,0.3270836,0.29491264,0.36641636,0.28946742
0.4375,0.4375,0.4898203,0.47905084,0.48125264,0.47753704,0.330925,0.23115486,0.378518,0.2269731,0.29139796,0.23932037
0.4375,0.4375,0.4898203,0.47905084,0.48125264,0.47753704,0.32976156,0.23545986,0.306712,0.19281413,0.31333542,0.2054815
0.4375,0.4375,0.4898203,0.47905084,0.48125264,0.47753704,0.36918953,0.3181165,0.33233628,0.23587576,0.350869,0.25215638
0.4375,0.4375,0.4898203,0.47905084,0.48125264,0.47753704,0.42171553,0.3875168,0.36703396,0.3161549,0.4099137,0.35435706
0.4375,0.4375,0.4898203,0.47905084,0.48125264,0.47753704,0.39346033,0.35598388,0.3494262,0.3359405,0.38281113,0.2582303
0.4375,0.4375,0.4898203,0.47905084,0.48125264,0.47753704,0.34925944,0.25072291,0.38495797,0.33809403,0.4021563,0.24957138
0.4375,0.4375,0.4898203,0.47905084,0.48125264,0.47753704,0.3947965,0.3222602,0.39681143,0.35085738,0.35140675,0.25045714
0.4375,0.4375,0.4898203,0.47905084,0.48125264,0.47753704,0.40642673,0.3376116,0.4088525,0.39461455,0.44543552,0.39546752
0.35,0.3125,0.4898203,0.47905084,0.48125264,0.47753704,0.41980514,0.3562609,0.41870645,0.3949278,0.337232,0.27748922
0.35,0.3125,0.4898203,0.47905084,0.48125264,0.47753704,0.41098902,0.3388995,0.42971388,0.35772967,0.35435337,0.25114083
0.35,0.3125,0.4898203,0.47905084,0.48125264,0.47753704,0.38791355,0.3131454,0.40147316,0.37412155,0.40423825,0.31076977
0.35,0.3125,0.4898203,0.47905084,0.48125264,0.47753704,0.4288169,0.36727792,0.44670683,0.40691864,0.40787357,0.32705602
0.35,0.3125,0.4898203,0.47905084,0.48125264,0.47753704,0.44216827,0.37970227,0.42074093,0.36016315,0.42368102,0.34475276
0.35,0.3125,0.4898203,0.47905084,0.48125264,0.47753704,0.4524265,0.39026964,0.41721228,0.40592676,0.4748214,0.34791303
0.35,0.3125,0.4898203,0.47905084,0.48125264,0.47753704,0.39626926,0.33152732,0.42662784,0.37776625,0.39346263,0.34717318
0.35,0.3125,0.4898203,0.47905084,0.48125264,0.47753704,0.44137,0.37731928,0.42967182,0.34573478,0.40410647,0.3213924
0.35,0.3125,0.4898203,0.47905084,0.48125264,0.47753704,0.44732225,0.38574952,0.46306327,0.3863293,0.4879216,0.35219696
0.3625,0.6125,0.4898203,0.47905084,0.48125264,0.47753704,0.40775993,0.35470363,0.41048133,0.3971566,0.37579426,0.33682021
0.3625,0.6125,0.4898203,0.47905084,0.48125264,0.47753704,0.42951322,0.3852136,0.4144841,0.40439534,0.38098997,0.34299764
0.3625,0.6125,0.4898203,0.47905084,0.48125264,0.47753704,0.470156,0.4458264,0.4123896,0.39284128,0.3898083,0.37236473
0.3625,0.6125,0.4898203,0.47905084,0.48125264,0.47753704,0.47941053,0.43205422,0.4441818,0.41685534,0.42574754,0.37873876
0.3625,0.6125,0.4898203,0.47905084,0.48125264,0.47753704,0.45354456,0.4125652,0.45548767,0.42943934,0.4455542,0.44244614
0.3625,0.6125,0.4898203,0.47905084,0.48125264,0.47753704,0.44262472,0.38232425,0.44307956,0.4145126,0.41740382,0.36142117
0.3625,0.6125,0.4898203,0.47905084,0.48125264,0.47753704,0.43403643,0.403102,0.4370103,0.40805495,0.38479763,0.30400148
0.3625,0.6125,0.4898203,0.47905084,0.48125264,0.47753704,0.4158043,0.3635065,0.48031548,0.44796333,0.4643163,0.41958094
0.3625,0.6125,0.4898203,0.47905084,0.48125264,0.47753704,0.42910722,0.38747224,0.47620037,0.4564916,0.41299447,0.35417005
0.5375,0.3625,0.4898203,0.47905084,0.48125264,0.47753704,0.4406397,0.5461456,0.47703767,0.60861564,0.35736063,0.3845301
0.5375,0.3625,0.4898203,0.47905084,0.48125264,0.47753704,0.44664127,0.535045,0.44362667,0.5625731,0.3626027,0.39531833
0.5375,0.3625,0.4898203,0.47905084,0.48125264,0.47753704,0.43470147,0.534153,0.45474076,0.58236325,0.37599966,0.34500566
0.5375,0.3625,0.4898203,0.47905084,0.48125264,0.47753704,0.46514735,0.5785479,0.46948716,0.6109172,0.3529038,0.3166741
0.5375,0.3625,0.4898203,0.47905084,0.48125264,0.47753704,0.4760335,0.60114133,0.49189728,0.6279161,0.33358023,0.3145545
0.5375,0.3625,0.4898203,0.47905084,0.48125264,0.47753704,0.44706625,0.54781646,0.47819933,0.61634123,0.33540198,0.32265276
0.5375,0.3625,0.4898203,0.47905084,0.48125264,0.47753704,0.46473247,0.579266,0.4967202,0.6287283,0.36700752,0.36696768
0.5375,0.3625,0.4898203,0.47905084,0.48125264,0.47753704,0.45241418,0.5576566,0.49269813,0.6327857,0.3922514,0.39051184
0.5375,0.3625,0.4898203,0.47905084,0.48125264,0.47753704,0.44843265,0.5584671,0.4850079,0.62618536,0.35275674,0.3265514
0.6,0.625,0.4898203,0.47905084,0.48125264,0.47753704,0.51318836,0.4902665,0.49303374,0.5273378,0.44617683,0.41266808
0.6,0.625,0.4898203,0.47905084,0.48125264,0.47753704,0.5095155,0.486776,0.5368695,0.57410115,0.51353425,0.47519684
0.6,0.625,0.4898203,0.47905084,0.48125264,0.47753704,0.5649847,0.5804228,0.55537635,0.5927566,0.55114484,0.5221676
0.6,0.625,0.4898203,0.47905084,0.48125264,0.47753704,0.54633695,0.5304178,0.58396614,0.6094849,0.6140438,0.53756666
0.6,0.625,0.4898203,0.47905084,0.48125264,0.47753704,0.50333244,0.4635225,0.5689964,0.533293,0.5821566,0.5654662
0.6,0.625,0.4898203,0.47905084,0.48125264,0.47753704,0.5799391,0.54632187,0.58089244,0.537027,0.5658711,0.51574206
0.6,0.625,0.4898203,0.47905084,0.48125264,0.47753704,0.5808736,0.5765582,0.58451617,0.543069,0.5856259,0.55599564
0.6,0.625,0.4898203,0.47905084,0.48125264,0.47753704,0.5505142,0.5199163,0.580135,0.5415559,0.5778361,0.5668349
0.6,0.625,0.4898203,0.47905084,0.48125264,0.47753704,0.57446647,0.55967385,0.5405694,0.5154164,0.5498057,0.49200252
0.275,0.7,0.4898203,0.47905084,0.48125264,0.47753704,0.52964497,0.5039054,0.52124405,0.5556886,0.5626791,0.5600123
0.275,0.7,0.4898203,0.47905084,0.48125264,0.47753704,0.5436887,0.5116246,0.61699235,0.63584983,0.5636161,0.57162017
0.275,0.7,0.4898203,0.47905084,0.48125264,0.47753704,0.5434493,0.5090237,0.6231556,0.6437613,0.589792,0.5932747
0.275,0.7,0.4898203,0.47905084,0.48125264,0.47753704,0.55563915,0.532026,0.61766756,0.64766496,0.52068883,0.60557544
0.275,0.7,0.4898203,0.47905084,0.48125264,0.47753704,0.54692876,0.53130573,0.5695118,0.6139926,0.46433115,0.5103789
0.275,0.7,0.4898203,0.47905084,0.48125264,0.47753704,0.5264785,0.5172512,0.5710894,0.6137041,0.54278636,0.5369709
0.275,0.7,0.4898203,0.47905084,0.48125264,0.47753704,0.51777434,0.4940669,0.5697885,0.5976299,0.47405913,0.49229938
0.275,0.7,0.4898203,0.47905084,0.48125264,0.47753704,0.5447194,0.531393,0.5635848,0.6136574,0.4420132,0.45071372
0.275,0.7,0.4898203,0.47905084,0.48125264,0.47753704,0.5341003,0.5339339,0.57231015,0.6262065,0.5021128,0.4939112
0.35,0.525,0.4898203,0.47905084,0.48125264,0.47753704,0.46487582,0.43905663,0.53028524,0.4928943,0.49681872,0.45728335
0.35,0.525,0.4898203,0.47905084,0.48125264,0.47753704,0.5673292,0.5607511,0.5582803,0.5501179,0.5111111,0.48326197
0.35,0.525,0.4898203,0.47905084,0.48125264,0.47753704,0.5137783,0.5024291,0.5543976,0.5625509,0.55128723,0.54616815
0.35,0.525,0.4898203,0.47905084,0.48125264,0.47753704,0.49914312,0.48021454,0.55191326,0.56401944,0.5072206,0.47353742
0.35,0.525,0.4898203,0.47905084,0.48125264,0.47753704,0.5559207,0.52425855,0.5415882,0.5568741,0.54128855,0.5767883
0.35,0.525,0.4898203,0.47905084,0.48125264,0.47753704,0.49867427,0.46828234,0.5286006,0.56989753,0.48600516,0.55907196
0.35,0.525,0.4898203,0.47905084,0.48125264,0.47753704,0.59957814,0.5780484,0.55055124,0.59128153,0.5012797,0.580012
0.35,0.525,0.4898203,0.47905084,0.48125264,0.47753704,0.56043166,0.52499706,0.54984725,0.5909122,0.5307914,0.5630086
0.35,0.525,0.4898203,0.47905084,0.48125264,0.47753704,0.5334606,0.48194528,0.55570686,0.60075986,0.4680857,0.58280987
0.625,0.475,0.4898203,0.47905084,0.48125264,0.47753704,0.502971,0.5681509,0.38328654,0.4902828,0.33614936,0.3791829
0.625,0.475,0.4898203,0.47905084,0.48125264,0.47753704,0.3907357,0.4032434,0.36091852,0.44405305,0.3050865,0.37331858
0.625,0.475,0.4898203,0.47905084,0.48125264,0.47753704,0.37514615,0.38540277,0.38952124,0.43883374,0.30930287,0.39119962
0.625,0.475,0.4898203,0.47905084,0.48125264,0.47753704,0.38617662,0.40476185,0.3570999,0.42429042,0.27280417,0.3509708
0.625,0.475,0.4898203,0.47905084,0.48125264,0.47753704,0.3759752,0.3867951,0.33303872,0.41304204,0.3336473,0.40508974
0.625,0.475,0.4898203,0.47905084,0.48125264,0.47753704,0.38013196,0.4485293,0.29370707,0.41578406,0.27815825,0.41472307
0.625,0.475,0.4898203,0.47905084,0.48125264,0.47753704,0.35020953,0.43952554,0.32199264,0.4334088,0.28153163,0.43861386
0.625,0.475,0.4898203,0.47905084,0.48125264,0.47753704,0.33464992,0.34354043,0.34421468,0.42110127,0.28321204,0.34917313
0.625,0.475,0.4898203,0.47905084,0.48125264,0.47753704,0.36955872,0.455621,0.334642,0.42397434,0.28203613,0.45846123
0.6875,0.66625,0.4898203,0.47905084,0.48125264,0.47753704,0.53233206,0.5282885,0.5512415,0.5413357,0.6003061,0.57582027
0.6875,0.66625,0.4898203,0.47905084,0.48125264,0.47753704,0.53533965,0.5101147,0.53426546,0.5369173,0.5160516,0.45375106
0.6875,0.66625,0.4898203,0.47905084,0.48125264,0.47753704,0.5015173,0.4543252,0.5394671,0.5220308,0.50276744,0.4198898
0.6875,0.66625,0.4898203,0.47905084,0.48125264,0.47753704,0.49021474,0.44274038,0.5285286,0.5274213,0.45597357,0.38702345
0.6875,0.66625,0.4898203,0.47905084,0.48125264,0.47753704,0.5239282,0.4878251,0.55229497,0.55438095,0.54424274,0.47675285
0.6875,0.66625,0.4898203,0.47905084,0.48125264,0.47753704,0.5082005,0.46447718,0.54970765,0.5271176,0.5033565,0.4384529
0.6875,0.66625,0.4898203,0.47905084,0.48125264,0.47753704,0.5105951,0.46265316,0.5410192,0.5120848,0.55134934,0.47514045
0.6875,0.66625,0.4898203,0.47905084,0.48125264,0.47753704,0.5199741,0.48238397,0.54302883,0.5504794,0.47663826,0.40385777
0.6875,0.66625,0.4898203,0.47905084,0.48125264,0.47753704,0.56463367,0.539269,0.55824417,0.58653516,0.5844209,0.51531136
0.4,0.425,0.4898203,0.47905084,0.48125264,0.47753704,0.6016009,0.6570858,0.5695893,0.5920168,0.5540783,0.5288943
0.4,0.425,0.4898203,0.47905084,0.48125264,0.47753704,0.5783731,0.6233693,0.5788193,0.5937922,0.4805526,0.5091774
0.4,0.425,0.4898203,0.47905084,0.48125264,0.47753704,0.5491678,0.53615576,0.53449476,0.5634187,0.4680126,0.4207471
0.4,0.425,0.4898203,0.47905084,0.48125264,0.47753704,0.5512153,0.5515432,0.52069294,0.50908816,0.4537234,0.42180127
0.4,0.425,0.4898203,0.47905084,0.48125264,0.47753704,0.47178698,0.45061952,0.50868666,0.507115,0.5596275,0.5071808
0.4,0.425,0.4898203,0.47905084,0.48125264,0.47753704,0.5270708,0.51419,0.5205154,0.5417623,0.48764402,0.4527276
0.4,0.425,0.4898203,0.47905084,0.48125264,0.47753704,0.48999208,0.46703213,0.5159284,0.5621202,0.5103734,0.4591095
0.4,0.425,0.4898203,0.47905084,0.48125264,0.47753704,0.56986403,0.58910125,0.5373727,0.5219717,0.53456277,0.49550232
0.4,0.425,0.4898203,0.47905084,0.48125264,0.47753704,0.49243718,0.46673083,0.5017977,0.5154269,0.49968457,0.47102088
0.675,0.425,0.4898203,0.47905084,0.48125264,0.47753704,0.54533446,0.5429296,0.46029386,0.44459677,0.5503571,0.39087206
0.675,0.425,0.4898203,0.47905084,0.48125264,0.47753704,0.5136874,0.4578905,0.46668917,0.45102695,0.49244574,0.37172896
0.675,0.425,0.4898203,0.47905084,0.48125264,0.47753704,0.5384656,0.4966392,0.4621143,0.45011848,0.5086666,0.3738585
0.675,0.425,0.4898203,0.47905084,0.48125264,0.47753704,0.5619464,0.52697426,0.50997776,0.48847884,0.52199346,0.3749998
0.675,0.425,0.4898203,0.47905084,0.48125264,0.47753704,0.5553693,0.5335002,0.5106522,0.4890824,0.55823123,0.5045098
0.675,0.425,0.4898203,0.47905084,0.48125264,0.47753704,0.5728023,0.53911465,0.5347458,0.5128832,0.56577235,0.5335361
0.675,0.425,0.4898203,0.47905084,0.48125264,0.47753704,0.5771632,0.6135807,0.53215015,0.52805734,0.5591889,0.54662824
0.675,0.425,0.4898203,0.47905084,0.48125264,0.47753704,0.53751194,0.5346915,0.5429696,0.5381011,0.57130814,0.49336383
0.675,0.425,0.4898203,0.47905084,0.48125264,0.47753704,0.55780923,0.5382577,0.5644911,0.542008,0.5530312,0.5140511
0.325,0.75,0.4898203,0.47905084,0.48121437,0.4784994,0.6928862,0.7284529,0.5571291,0.603698,0.5870945,0.6517489
0.325,0.75,0.4898203,0.47905084,0.47995755,0.47493514,0.7018,0.74307317,0.5598899,0.6081133,0.60167044,0.64441
0.325,0.75,0.4898203,0.47905084,0.4812201,0.47747165,0.605727,0.60532326,0.578943,0.6098578,0.5733604,0.63701487
0.325,0.75,0.4898203,0.47905084,0.48125264,0.47753704,0.6065489,0.63411814,0.57728636,0.614514,0.5755807,0.64866817
0.325,0.75,0.4898203,0.47905084,0.48125264,0.47753704,0.62620306,0.6307891,0.58589095,0.61751384,0.59527427,0.65732414
0.325,0.75,0.4898203,0.47905084,0.48125264,0.47753704,0.6704602,0.7066216,0.56899846,0.6060846,0.6251063,0.6707663
0.325,0.75,0.4898203,0.47905084,0.48125264,0.47753704,0.5864425,0.59935784,0.5565989,0.59259665,0.5910075,0.6488654
0.325,0.75,0.4898203,0.47905084,0.48125264,0.47753704,0.60074127,0.6166272,0.5650825,0.6001102,0.6042682,0.6464821
0.325,0.75,0.4898203,0.47905084,0.48125264,0.47753704,0.65215987,0.68471456,0.5969157,0.6229013,0.6036229,0.6441045
0.5625,0.52125,0.4898203,0.47905084,0.48125264,0.47753704,0.37825346,0.35996693,0.4086683,0.41079763,0.50800943,0.42502448
0.5625,0.52125,0.4898203,0.47905084,0.48125264,0.47753704,0.38541803,0.32609898,0.36929405,0.3622152,0.5780308,0.4845745
0.5625,0.52125,0.4898203,0.47905084,0.48125264,0.47753704,0.42654154,0.38291633,0.42735237,0.41970888,0.43631712,0.32681468
0.5625,0.52125,0.4898203,0.47905084,0.48125264,0.47753704,0.47525495,0.42590332,0.4801299,0.46822235,0.5339322,0.5501064
0.5625,0.52125,0.4898203,0.47905084,0.48125264,0.47753704,0.49274164,0.4405777,0.51793516,0.5242299,0.5178131,0.52845514
0.5625,0.52125,0.4898203,0.47905084,0.48125264,0.47753704,0.48752475,0.48608047,0.57217216,0.6061473,0.5207652,0.48032886
0.5625,0.52125,0.4898203,0.47905084,0.48125264,0.47753704,0.5472511,0.5491949,0.5681607,0.616763,0.5005738,0.4735653
0.5625,0.52125,0.4898203,0.47905084,0.48125264,0.47753704,0.53144056,0.51418716,0.5731825,0.6122563,0.4589016,0.43664035
0.5625,0.52125,0.4898203,0.47905084,0.48125264,0.47753704,0.56005925,0.576082,0.5893754,0.6566215,0.47677118,0.49000734
0.65,0.325,0.4898203,0.47905084,0.48125264,0.47753704,0.37909016,0.37361747,0.22650225,0.26196992,0.31070632,0.30778784
0.65,0.325,0.4898203,0.47905084,0.48125264,0.47753704,0.29832813,0.24197662,0.23636726,0.25436562,0.27693075,0.32814455
0.65,0.325,0.4898203,0.47905084,0.48125264,0.47753704,0.3389383,0.32215577,0.27496564,0.28395957,0.21443048,0.31650487
0.65,0.325,0.4898203,0.47905084,0.48125264,0.47753704,0.33383536,0.3188522,0.31073624,0.32162917,0.4025888,0.40889233
0.65,0.325,0.4898203,0.47905084,0.48125264,0.47753704,0.34942397,0.2946911,0.32522252,0.3261268,0.31292418,0.30628112
0.65,0.325,0.4898203,0.47905084,0.48125264,0.47753704,0.34273556,0.2695608,0.31043303,0.32175422,0.3009151,0.413653
0.65,0.325,0.4898203,0.47905084,0.48125264,0.47753704,0.31899285,0.25966114,0.30299574,0.31488854,0.3146552,0.3102999
0.65,0.325,0.4898203,0.47905084,0.48125264,0.47753704,0.32132527,0.252082,0.2946539,0.30580732,0.28423,0.3140593
0.65,0.325,0.4898203,0.47905084,0.48125264,0.47753704,0.32564974,0.26516926,0.29208034,0.30580068,0.3184976,0.34127682
0.425,0.325,0.4898203,0.47905084,0.48125264,0.47753704,0.36350116,0.30207154,0.37769875,0.28438252,0.3140476,0.18521297
0.425,0.325,0.4898203,0.47905084,0.48125264,0.47753704,0.36972687,0.2984744,0.3912133,0.27591577,0.34263632,0.2693347
0.425,0.325,0.4898203,0.47905084,0.48125264,0.47753704,0.35114303,0.2807794,0.37657255,0.28516072,0.3500764,0.24932799
0.425,0.325,0.4898203,0.47905084,0.48125264,0.47753704,0.36841962,0.30334178,0.38434422,0.3145094,0.37423345,0.29178542
0.425,0.325,0.4898203,0.47905084,0.48125264,0.47753704,0.3735264,0.30447847,0.39626792,0.33575097,0.430969,0.29795295
0.425,0.325,0.4898203,0.47905084,0.48125264,0.47753704,0.5627469,0.5200117,0.49101472,0.42728046,0.5187489,0.44874662
0.425,0.325,0.4898203,0.47905084,0.48125264,0.47753704,0.55311483,0.5327053,0.47761202,0.41378653,0.56626123,0.4949211
0.425,0.325,0.4898203,0.47905084,0.48125264,0.47753704,0.43403044,0.37615764,0.4901608,0.43728817,0.54755276,0.49741873
0.425,0.325,0.4898203,0.47905084,0.48125264,0.47753704,0.46513706,0.38196686,0.47720048,0.4201993,0.5008178,0.4500139
0.27125,0.72875,0.4898203,0.47905084,0.48125264,0.47753704,0.49944046,0.5131004,0.5444615,0.60306907,0.49584228,0.5616223
0.27125,0.72875,0.4898203,0.47905084,0.48125264,0.47753704,0.5569458,0.5695201,0.588666,0.6465559,0.548825,0.5839023
0.27125,0.72875,0.4898203,0.47905084,0.48125264,0.47753704,0.56554663,0.5705343,0.5865091,0.6410995,0.5528669,0.59667826
0.27125,0.72875,0.4898203,0.47905084,0.48125264,0.47753704,0.5632415,0.56833476,0.60117507,0.6527753,0.5372737,0.5745842
0.27125,0.72875,0.4898203,0.47905084,0.48125264,0.47753704,0.48307067,0.4696886,0.5063349,0.4952067,0.4863127,0.4805869
0.27125,0.72875,0.4898203,0.47905084,0.48125264,0.47753704,0.53264254,0.5304097,0.55975485,0.57428914,0.5763404,0.60530025
0.27125,0.72875,0.4898203,0.47905084,0.48125264,0.47753704,0.52529806,0.5016314,0.5407523,0.56469285,0.56042886,0.5637507
0.27125,0.72875,0.4898203,0.47905084,0.48125264,0.47753704,0.51272315,0.49442315,0.57685965,0.6114537,0.5466454,0.540249
0.27125,0.72875,0.4898203,0.47905084,0.48125264,0.47753704,0.57781804,0.5762803,0.6093532,0.651203,0.5577398,0.5358001
